;CAMPO;POWER STATION;INVERSOR;CAJA STRING;EUI;Nº Chekness;HARNESS;CANAL 1;CANAL 2;CANAL 3;CANAL 4;UBICACIÓN;FECHA HORA
1;ARIES;1;1;1;0004a30b010aa4e2;399;1;1;2;3;4;41.306311206146546, -4.944586104416338;
2;ARIES;1;1;1;0004a30b010ac3df;395;2;1;2;3;4;41.30630011421886, -4.94471916398633;
3;ARIES;1;1;1;0004a30b010b29f2;398;3;1;2;3;4;41.306304931640625, -4.944897072277219;
4;ARIES;1;1;1;0004a30b010d751c;397;4;1;2;3;4;41.30630464352901, -4.945026235105604;
5;ARIES;1;1;2;0004a30b010b504d;809;1;1;2;3;4;41.30633019690986, -4.945218984449419;
6;ARIES;1;1;2;0004a30b010557d8;806;2;1;2;3;4;41.30631792128668, -4.9453410292496836;
7;ARIES;1;1;2;0004a30b0105aef7;807;3;1;2;3;4;41.30637840002823, -4.945466187409245;
8;ARIES;1;1;2;0004a30b01053d1f;812;4;1;2;3;4;41.306352635891265, -4.945692197939847;
9;ARIES;1;1;3;0004a30b01004bb3;838;1;1;2;3;4;41.30572883663259, -4.944192986528295;
10;ARIES;1;1;3;0004a30b010049a2;839;2;1;2;3;4;41.30572883663259, -4.944192986528295;
11;ARIES;1;1;3;0004a30b010b32e4;842;3;1;2;3;4;41.30572509765625, -4.944372089994157;
12;ARIES;1;1;3;0004a30b010afbeb;772;4;1;2;3;4;41.30572784756107, -4.94449604733862;
13;ARIES;1;1;4;0004a30b00ff9554;771;1;1;2;3;4;41.30572080700337, -4.944624950634886;
14;ARIES;1;1;4;0004a30b010aa771;763;2;1;2;3;4;41.30570654071233, -4.944752763421833;
15;ARIES;1;1;4;0004a30b010aecb2;762;3;1;2;3;4;41.30571105777284, -4.945004125347665;
16;ARIES;1;1;4;0004a30b01001171;770;4;1;2;3;4;41.30569510756752, -4.945122365073593;
17;ARIES;1;1;5;0004a30b010abce4;758;1;1;2;3;4;41.30571815067084, -4.945247257253595;
18;ARIES;1;1;5;0004a30b0111761b;77;2;1;2;3;4;41.305719192570415, -4.945491559295625;
19;ARIES;1;1;5;0004a30b01001098;753;3;1;2;3;4;41.305705003299195, -4.94561710741321;
20;ARIES;1;1;6;0004a30b010b1057;764;1;1;2;3;4;41.3057068844045, -4.945738888821597;
21;ARIES;1;1;6;0004a30b01004acd;760;2;1;2;3;4;41.305697633547574, -4.945859663234268;
22;ARIES;1;1;6;0004a30b010b4a9e;808;3;1;2;3;4;41.3055366486456, -4.946058081576209;
23;ARIES;1;1;7;0004a30b00ff5c9b;841;1;1;2;3;4;41.30517471767301, -4.943707133901758;
24;ARIES;1;1;7;0004a30b00ff3309;840;2;1;2;3;4;41.30542863171631, -4.9438094289402645;
25;ARIES;1;1;7;0004a30b00ffef3b;835;3;1;2;3;4;41.305184968928636, -4.9439541797681885;
26;ARIES;1;1;7;0004a30b00ff73a2;828;4;1;2;3;4;41.30520444727614, -4.944190906993422;
27;ARIES;1;1;8;0004a30b010e1333;612;1;1;2;3;4;41.30514183807561, -4.944288819679753;
28;ARIES;1;1;8;0004a30b010b51ed;604;2;1;2;3;4;41.30513722478803, -4.944542550695033;
29;ARIES;1;1;8;0004a30b010abdaf;603;3;1;2;3;4;41.30513722478803, -4.944542550695033;
30;ARIES;1;1;9;0004a30b010b1b40;607;1;1;2;3;4;41.30514277250062, -4.944789207727418;
31;ARIES;1;1;9;0004a30b010b4613;605;2;1;2;3;4;41.30513249873402, -4.945038569137216;
32;ARIES;1;1;9;0004a30b010b59f3;606;3;1;2;3;4;41.30513249873402, -4.945038569137216;
33;ARIES;1;1;10;0004a30b010b4c3e;614;1;1;2;3;4;41.305127756239386, -4.945162275065027;
34;ARIES;1;1;10;0004a30b010b0a92;622;2;1;2;3;4;41.30513897536946, -4.94540409882499;
35;ARIES;1;1;10;0004a30b01084563;620;3;1;2;3;4;41.30512589211101, -4.945535126642789;
36;ARIES;1;1;11;0004a30b00ff9065;817;1;1;2;3;4;41.30459000791058, -4.943598018190464;
37;ARIES;1;1;11;0004a30b010b4b48;818;2;1;2;3;4;41.30456352825952, -4.94383890896068;
38;ARIES;1;1;11;0004a30b010b37ec;825;3;1;2;3;4;41.3045608966039, -4.943961183508681;
39;ARIES;1;1;11;0004a30b010ab93a;819;4;1;2;3;4;41.304561590315615, -4.944086680610846;
40;ARIES;1;1;12;0004a30b010b4681;820;1;1;2;3;4;41.30459635213764, -4.9442022564016925;
41;ARIES;1;1;12;0004a30b010abbd6;759;2;1;2;3;4;41.30426427882924, -4.944506717802087;
42;ARIES;1;1;12;0004a30b00fef69b;766;3;1;2;3;4;41.30444490375715, -4.944562898716015;
43;ARIES;1;1;13;0004a30b010adbae;36;1;1;2;;;41.30412784621504, -4.946417319815944;
44;ARIES;1;1;13;0004a30b010b4beb;802;2;1;2;3;4;41.30410950743281, -4.946180039774845;
45;ARIES;1;1;13;0004a30b010b6200;799;3;1;2;3;4;41.304096399306644, -4.9460511078381;
46;ARIES;1;1;13;0004a30b01058c2f;800;4;1;2;3;4;41.30408156524205, -4.9459307760747455;
47;ARIES;1;1;14;0004a30b010acfe7;769;1;1;2;3;4;41.30409634307798, -4.945678683807458;
48;ARIES;1;1;14;0004a30b010010ef;767;2;1;2;3;4;41.30409076144786, -4.945557213503682;
49;ARIES;1;1;14;0004a30b00fff10a;768;3;1;2;3;4;41.30410694934334, -4.945429001651303;
50;ARIES;1;1;15;0004a30b010b280b;798;1;1;2;3;4;41.30351933439769, -4.945960679204686;
51;ARIES;1;1;15;0004a30b00ff8d80;801;2;1;2;3;4;41.3035218815075, -4.945776768556491;
52;ARIES;1;1;15;0004a30b010aee13;790;3;1;2;3;4;41.30363812973784, -4.9456046923164365;
53;ARIES;1;1;15;0004a30b00ffd7aa;783;4;1;2;3;4;41.303519887756565, -4.9454676399886095;
54;ARIES;1;1;16;0004a30b00ff19db;793;1;1;2;3;4;41.30355111901631, -4.945300547795249;
55;ARIES;1;1;16;0004a30b00ffd732;796;2;1;2;3;4;41.303610056267665, -4.945148304500365;
56;ARIES;1;1;16;0004a30b010b5b3c;797;3;1;2;3;4;41.303542482075876, -4.944997380542577;
57;ARIES;1;1;16;0004a30b010ade5c;38;4;1;2;;;41.303542482075876, -4.944997380542577;
58;ARIES;1;1;17;0004a30b01000c05;754;1;1;2;3;4;41.303551127598524, -4.944771175396639;
59;ARIES;1;1;17;0004a30b00ff79ba;761;2;1;2;3;4;41.3035521309498, -4.944606042856841;
60;ARIES;1;1;17;0004a30b010aaaa3;794;3;1;2;3;4;41.30355470258311, -4.944447916538056;
61;ARIES;1;1;18;0004a30b01081b45;786;1;1;2;3;4;41.30293918767071, -4.945510301147944;
62;ARIES;1;1;18;0004a30b01083d29;787;2;1;2;3;4;41.302865871854515, -4.9453667184098125;
63;ARIES;1;1;18;0004a30b00ff8e95;789;3;1;2;3;4;41.30295775131509, -4.945202573224816;
64;ARIES;1;1;19;0004a30b010b1a61;765;1;1;2;3;4;41.30297738619198, -4.945065960585778;
65;ARIES;1;1;19;0004a30b00fff2ae;757;2;1;2;3;4;41.30295962162333, -4.944888603316002;
66;ARIES;1;1;19;0004a30b010b60fb;755;3;1;2;3;4;41.30299174505117, -4.944739578555253;
67;ARIES;1;1;20;0004a30b010b326e;619;1;1;2;3;4;41.303009075896604, -4.944600560018992;
68;ARIES;1;1;20;0004a30b010aaafa;596;2;1;2;3;4;41.30296186428332, -4.944404749794125;
69;ARIES;1;1;20;0004a30b01054a6f;327;3;1;2;3;4;;
70;ARIES;1;2;1;0004a30b010b10a2;821;1;1;2;3;4;41.304611522866935, -4.943328183196621;
71;ARIES;1;2;1;0004a30b00ff5648;830;2;1;2;3;4;41.304597240234564, -4.943307588945698;
72;ARIES;1;2;1;0004a30b010ac1f8;826;3;1;2;3;4;41.30461590398287, -4.943075640192438;
73;ARIES;1;2;2;0004a30b010b5c53;574;1;1;2;3;4;41.30524093562362, -4.940516661314581;
74;ARIES;1;2;2;0004a30b010af351;573;2;1;2;3;4;41.30527878923557, -4.9406269686548265;
75;ARIES;1;2;2;0004a30b010b5011;576;3;1;2;3;4;41.30524613057579, -4.940748882613534;
76;ARIES;1;2;2;0004a30b010b1b4c;575;4;1;2;3;4;41.30522666100828, -4.940870538118462;
77;ARIES;1;2;2;0004a30b010b6299;577;5;1;2;3;4;41.30523670146747, -4.941123169903154;
78;ARIES;1;2;3;0004a30b010b0df0;571;1;1;2;3;4;41.30470052241864, -4.93925386432426;
79;ARIES;1;2;3;0004a30b010b0d1c;572;2;1;2;3;4;41.30464052947176, -4.939355924818989;
80;ARIES;1;2;3;0004a30b010b4bc1;565;3;1;2;3;4;41.30457956695562, -4.939495704313169;
81;ARIES;1;2;4;0004a30b010ad5a1;568;1;1;2;3;4;41.304659625718166, -4.939676652460811;
82;ARIES;1;2;4;0004a30b010ab7e6;566;2;1;2;3;4;41.304659616166596, -4.939827052964225;
83;ARIES;1;2;4;0004a30b010b49ca;592;3;1;2;3;4;41.304571858782836, -4.939967686645553;
84;ARIES;1;2;4;0004a30b0105e2fa;27;4;1;2;;;41.30464945559412, -4.940058335364618;
85;ARIES;1;2;5;0004a30b010aa89a;587;1;1;2;3;4;41.304557611194326, -4.940197009723896;
86;ARIES;1;2;5;0004a30b01079856;593;2;1;2;3;4;41.30465893077461, -4.94037383231434;
87;ARIES;1;2;5;0004a30b010e2f3c;590;3;1;2;3;4;41.30459393539531, -4.940509151839376;
88;ARIES;1;2;5;0004a30b01083424;589;4;1;2;3;4;41.30461914791097, -4.940661618844395;
89;ARIES;1;2;6;0004a30b0107ed74;302;1;1;2;3;4;41.30462881408886, -4.940824384482357;
90;ARIES;1;2;6;0004a30b010ab5f2;301;2;1;2;3;4;41.304561544011705, -4.9409744428300515;
91;ARIES;1;2;6;0004a30b010b14a7;371;3;1;2;3;4;41.3046330267869, -4.941125653767894;
92;ARIES;1;2;6;0004a30b010b5997;580;4;1;2;3;4;41.30462565299984, -4.941308508006501;
93;ARIES;1;2;7;0004a30b010d98f3;578;1;1;2;3;4;41.304627528174414, -4.941439940638969;
94;ARIES;1;2;7;0004a30b010b4958;581;2;1;2;3;4;41.30461473105872, -4.941604450816851;
95;ARIES;1;2;7;0004a30b010aa558;582;3;1;2;3;4;41.30462067222788, -4.941770504394937;
96;ARIES;1;2;7;0004a30b010b2f54;611;4;1;2;3;4;41.304547934849325, -4.9419130740516986;
97;ARIES;1;2;8;0004a30b010b4a8b;579;1;1;2;3;4;41.304624909680605, -4.94210970246931;
98;ARIES;1;2;8;0004a30b010e1810;609;2;1;2;3;4;41.304617366443566, -4.942231800423737;
99;ARIES;1;2;8;0004a30b010aa52e;608;3;1;2;3;4;41.304612629296436, -4.942398547130751;
100;ARIES;1;2;8;0004a30b010afca4;610;4;1;2;3;4;41.304615276420115, -4.942558424474384;
101;ARIES;1;2;9;0004a30b010b0c38;563;1;1;2;3;4;41.30414609326998, -4.939490864882044;
102;ARIES;1;2;9;0004a30b010b162a;567;2;1;2;3;4;41.30407073525598, -4.939691069812166;
103;ARIES;1;2;9;0004a30b010abea6;569;3;1;2;3;4;41.3040703580726, -4.939811755380577;
104;ARIES;1;2;10;0004a30b010b1566;564;1;1;2;3;4;41.304096391112665, -4.939926783703524;
105;ARIES;1;2;10;0004a30b010b15b6;570;2;1;2;3;4;41.304070024493086, -4.940047164515222;
106;ARIES;1;2;10;0004a30b01081899;297;3;1;2;3;4;41.30406145758204, -4.940166313317249;
107;ARIES;1;2;11;0004a30b01082cdf;304;1;1;2;3;4;41.30404433771798, -4.94041723282976;
108;ARIES;1;2;11;0004a30b0107fbba;295;2;1;2;3;4;41.30397359355635, -4.940572957354968;
109;ARIES;1;2;11;0004a30b0108158c;299;3;1;2;3;4;41.30404196351426, -4.940729194873486;
110;ARIES;1;2;11;0004a30b010e4eed;31;4;1;2;;;41.304036113640585, -4.940815546472098;
111;ARIES;1;2;12;0004a30b0107d221;296;1;1;2;3;4;41.30401052763075, -4.940964109903117;
112;ARIES;1;2;12;0004a30b010b0c96;221;2;1;2;3;4;;
113;ARIES;1;2;12;0004a30b010ad957;355;3;1;2;3;4;41.30396237211667, -4.9412692363231026;
114;ARIES;1;2;12;0004a30b01058a11;128;4;1;2;3;4;;
115;ARIES;1;2;13;0004a30b0107da9a;286;1;1;2;3;4;41.30400844552559, -4.941585590130661;
116;ARIES;1;2;13;0004a30b010b5b00;287;2;1;2;3;4;41.30401351494827, -4.941742640559802;
117;ARIES;1;2;13;0004a30b0105e3f3;289;3;1;2;3;4;41.30402224412154, -4.941868857458588;
118;ARIES;1;2;13;0004a30b010d56c4;288;4;1;2;3;4;41.30402119824919, -4.942120594834046;
119;ARIES;1;2;14;0004a30b00ff205c;836;1;1;2;3;4;41.304035889375285, -4.942240063815508;
120;ARIES;1;2;14;0004a30b00ffab49;824;2;1;2;3;4;41.3040441280418, -4.942363234522251;
121;ARIES;1;2;14;0004a30b010b19a9;393;3;1;2;3;4;41.30395548881102, -4.94251921768871;
122;ARIES;1;2;14;0004a30b010b1685;392;4;1;2;3;4;41.30399548936019, -4.942647619983465;
123;ARIES;1;2;15;0004a30b010acfea;390;1;1;2;3;4;41.30402479928911, -4.94284313881242;
124;ARIES;1;2;15;0004a30b010b0aa7;394;2;1;2;3;4;41.303967545121644, -4.942963418356931;
125;ARIES;1;2;15;0004a30b010b3383;372;3;1;2;3;4;41.30402152128462, -4.943129430928995;
126;ARIES;1;2;15;0004a30b010b15c8;370;4;1;2;3;4;41.30407387039978, -4.943236669956392;
127;ARIES;1;2;16;0004a30b010b1a0f;358;1;1;2;3;4;41.303759, -4.941055;
128;ARIES;1;2;16;0004a30b010aabcf;359;2;1;2;3;4;41.30367, -4.941065;
129;ARIES;1;2;16;0004a30b01083f73;430;3;1;2;3;4;41.3036717, -4.9410733;
130;ARIES;1;2;16;0004a30b010d7a39;431;4;1;2;3;4;41.3036233, -4.9411033;
131;ARIES;1;2;17;0004a30b01078d1e;434;1;1;2;3;4;41.3035209, -4.9416345;
132;ARIES;1;2;17;0004a30b010db8bb;433;2;1;2;3;4;41.30351, -4.9416583;
133;ARIES;1;2;17;0004a30b010d5f8e;432;3;1;2;3;4;41.3034181, -4.9416903;
134;ARIES;1;2;17;0004a30b010e12b7;298;4;1;2;3;4;41.3034315, -4.9416982;
135;ARIES;1;2;18;0004a30b00ff7015;834;1;1;2;3;4;41.3036817, -4.9419417;
136;ARIES;1;2;18;0004a30b010abe63;822;2;1;2;3;4;41.30368, -4.9419417;
137;ARIES;1;2;18;0004a30b010b3782;823;3;1;2;3;4;41.3035517, -4.9425767;
138;ARIES;1;2;18;0004a30b010ac370;391;4;1;2;3;4;41.3035517, -4.9425767;
139;ARIES;2;1;1;0004a30b010af891;33;1;1;2;;;41.3029767, -4.9443383;
140;ARIES;2;1;1;0004a30b010e125d;597;2;1;2;3;4;41.302985, -4.9443101;
141;ARIES;2;1;1;0004a30b010d362e;595;3;1;2;3;4;41.3029917, -4.94429;
142;ARIES;2;1;1;0004a30b00ff92f6;591;4;1;2;3;4;41.303004, -4.9442157;
143;ARIES;2;1;1;0004a30b01083407;655;5;1;2;3;4;41.3029121, -4.9436403;
144;ARIES;2;1;2;0004a30b010b19ae;624;1;1;2;3;4;41.3028883, -4.9439383;
145;ARIES;2;1;2;0004a30b010b1c54;617;2;1;2;3;4;41.3024028, -4.9450517;
146;ARIES;2;1;2;0004a30b010ab608;618;3;1;2;3;4;41.3024082, -4.945035;
147;ARIES;2;1;3;0004a30b010ad94c;626;1;1;2;3;4;41.302405, -4.9450117;
148;ARIES;2;1;3;0004a30b010ada18;625;2;1;2;3;4;41.3025748, -4.9446113;
149;ARIES;2;1;3;0004a30b010ad1bb;627;3;1;2;3;4;41.3025717, -4.9445967;
150;ARIES;2;1;3;0004a30b010af178;621;4;1;2;3;4;41.3025667, -4.9445834;
151;ARIES;2;1;4;0004a30b010b5fe2;623;1;1;2;3;4;41.3026183, -4.944165;
152;ARIES;2;1;4;0004a30b010aa4fb;613;2;1;2;3;4;41.3026133, -4.9441533;
153;ARIES;2;1;4;0004a30b010b0bab;616;3;1;2;3;4;41.3026067, -4.944125;
154;ARIES;2;1;4;0004a30b010b5f12;615;4;1;2;3;4;41.30268, -4.9436167;
155;ARIES;2;1;5;0004a30b0105b508;99;1;1;2;3;4;41.30133, -4.94102;
156;ARIES;2;1;5;0004a30b010554d8;100;2;1;2;3;4;41.3012138, -4.9410796;
157;ARIES;2;1;5;0004a30b010aa839;98;3;1;2;3;4;41.3013417, -4.9412167;
158;ARIES;2;1;5;0004a30b010aefac;42;4;1;2;;;41.3013818, -4.9413875;
159;ARIES;2;1;6;0004a30b010b5a0c;101;1;1;2;3;4;41.3012191, -4.9416044;
160;ARIES;2;1;6;0004a30b01055a08;97;2;1;2;3;4;41.30131, -4.941425;
161;ARIES;2;1;6;0004a30b01000bdf;96;3;1;2;3;4;41.3013687, -4.941635;
162;ARIES;2;1;6;0004a30b010d970e;3;4;1;2;;;41.3013749, -4.9420265;
163;ARIES;2;1;7;0004a30b01118d62;51;1;1;2;3;4;41.3012337, -4.9421362;
164;ARIES;2;1;7;0004a30b010b1a3d;94;2;1;2;3;4;41.30132, -4.9421499;
165;ARIES;2;1;7;0004a30b01004d7e;93;3;1;2;3;4;41.30121, -4.9422433;
166;ARIES;2;1;8;0004a30b010ab9fa;453;1;1;2;3;4;41.3006383, -4.9405518;
167;ARIES;2;1;8;0004a30b010b2f3e;361;2;1;2;3;4;41.3007135, -4.9406347;
168;ARIES;2;1;8;0004a30b00fff2bd;103;3;1;2;3;4;41.3007651, -4.9409016;
169;ARIES;2;1;8;0004a30b010b5b53;89;4;1;2;3;4;41.3008201, -4.9410068;
170;ARIES;2;1;9;0004a30b01006579;90;1;1;2;3;4;41.3007217, -4.9411717;
171;ARIES;2;1;9;0004a30b010ab735;104;2;1;2;3;4;41.3008817, -4.9415367;
172;ARIES;2;1;9;0004a30b010b44dc;105;3;1;2;3;4;41.3006934, -4.9416546;
173;ARIES;2;1;9;0004a30b010ad163;385;4;1;2;3;4;41.3008217, -4.9415883;
174;ARIES;2;1;10;0004a30b010af7c7;386;1;1;2;3;4;41.3007878, -4.9420148;
175;ARIES;2;1;10;0004a30b010b2907;388;2;1;2;3;4;41.3009036, -4.9420839;
176;ARIES;2;1;10;0004a30b010d569c;387;3;1;2;3;4;41.300775, -4.94232;
177;ARIES;2;1;10;0004a30b010aa949;389;4;1;2;3;4;41.3007217, -4.9424217;
178;ARIES;2;1;11;0004a30b010b3207;377;1;1;2;3;4;41.3013027, -4.9430043;
179;ARIES;2;1;11;0004a30b010abd17;376;2;1;2;3;4;41.3013934, -4.9431171;
180;ARIES;2;1;11;0004a30b010ad9a5;379;3;1;2;3;4;41.3013367, -4.9430083;
181;ARIES;2;1;12;0004a30b010ab5ec;378;1;1;2;3;4;41.3012967, -4.9428367;
182;ARIES;2;1;12;0004a30b010b2f60;375;2;1;2;3;4;41.3014567, -4.9424883;
183;ARIES;2;1;12;0004a30b010afc0a;362;3;1;2;3;4;41.3013487, -4.9424899;
184;ARIES;2;1;13;0004a30b010ab6ff;368;1;1;2;3;4;41.3005951, -4.94474;
185;ARIES;2;1;13;0004a30b010aebf8;365;2;1;2;3;4;41.30061, -4.9447717;
186;ARIES;2;1;13;0004a30b010acf64;369;3;1;2;3;4;41.30068, -4.9447733;
187;ARIES;2;1;13;0004a30b010af2ab;366;4;1;2;3;4;41.300695, -4.9445717;
188;ARIES;2;1;14;0004a30b010af6fe;367;1;1;2;3;4;41.3007951, -4.9445367;
189;ARIES;2;1;14;0004a30b010b5a64;364;2;1;2;3;4;41.3005712, -4.9440931;
190;ARIES;2;1;14;0004a30b00ff0344;363;3;1;2;3;4;41.3007417, -4.9440717;
191;ARIES;2;1;14;0004a30b010f5bc1;67;4;1;2;3;4;41.300803, -4.9440484;
192;ARIES;2;1;15;0004a30b010b49df;347;1;1;2;3;4;41.300767, -4.9438841;
193;ARIES;2;1;15;0004a30b010b1a63;345;2;1;2;3;4;41.3007617, -4.94379;
194;ARIES;2;1;15;0004a30b010b3877;346;3;1;2;3;4;41.3005971, -4.9432804;
195;ARIES;2;1;15;0004a30b010b622e;348;4;1;2;3;4;41.3008316, -4.9432471;
196;ARIES;2;1;16;0004a30b010afbfe;349;1;1;2;3;4;41.3007383, -4.94336;
197;ARIES;2;1;16;0004a30b010d98dc;442;2;1;2;3;4;41.3004083, -4.943075;
198;ARIES;2;1;16;0004a30b010e4d8d;441;3;1;2;3;4;41.3005483, -4.94278;
199;ARIES;2;1;17;0004a30b010844ba;444;1;1;2;3;4;41.3004801, -4.942385;
200;ARIES;2;1;17;0004a30b010b5a47;443;2;1;2;3;4;41.3008332, -4.9426514;
201;ARIES;2;1;17;0004a30b0107a07c;440;3;1;2;3;4;41.3006969, -4.942587;
202;ARIES;2;1;18;0004a30b010b495b;785;1;1;2;3;4;41.3000917, -4.94564;
203;ARIES;2;1;18;0004a30b010d1c2f;71;2;1;2;3;4;41.2998923, -4.9455801;
204;ARIES;2;1;18;0004a30b00ff3eac;73;3;1;2;3;4;41.300145, -4.945435;
205;ARIES;2;1;19;0004a30b00fff01c;157;1;1;2;3;4;41.300125, -4.9428667;
206;ARIES;2;1;19;0004a30b01055278;155;2;1;2;3;4;41.3000117, -4.94247;
207;ARIES;2;1;19;0004a30b00ff5987;156;3;1;2;3;4;41.3000967, -4.9423272;
208;ARIES;2;1;19;0004a30b010d0612;12;4;1;2;;;41.3001483, -4.9424467;
209;ARIES;2;2;1;0004a30b010ac38f;450;1;1;2;3;4;41.3007583, -4.9398583;
210;ARIES;2;2;1;0004a30b00ffd684;102;2;1;2;3;4;41.3007017, -4.9401567;
211;ARIES;2;2;1;0004a30b0105b289;454;3;1;2;3;4;41.300735, -4.9402083;
212;ARIES;2;2;1;0004a30b010b2908;451;4;1;2;3;4;41.3007417, -4.94036;
213;ARIES;2;2;1;0004a30b01055422;17;5;1;2;;;41.3006871, -4.9403411;
214;ARIES;2;2;2;0004a30b010d57bf;72;1;1;2;3;4;41.3000217, -4.9452017;
215;ARIES;2;2;2;0004a30b01081ad9;75;2;1;2;3;4;41.3000341, -4.9449217;
216;ARIES;2;2;2;0004a30b0107f0b0;74;3;1;2;3;4;41.2999733, -4.944875;
217;ARIES;2;2;3;0004a30b010b18c9;460;1;1;2;3;4;41.3000733, -4.9446717;
218;ARIES;2;2;3;0004a30b010ac37e;461;2;1;2;3;4;41.3001, -4.94457;
219;ARIES;2;2;3;0004a30b010b1298;463;3;1;2;3;4;41.3000917, -4.9444;
220;ARIES;2;2;3;0004a30b010b10ac;464;4;1;2;3;4;41.2999952, -4.9437184;
221;ARIES;2;2;4;0004a30b010abde6;462;1;1;2;3;4;41.3001082, -4.9440817;
222;ARIES;2;2;4;0004a30b00ff1cb6;114;2;1;2;3;4;41.3000917, -4.9439767;
223;ARIES;2;2;4;0004a30b00ff5b1f;113;3;1;2;3;4;41.3000267, -4.9436183;
224;ARIES;2;2;4;0004a30b01081597;111;4;1;2;3;4;41.300125, -4.9435033;
225;ARIES;2;2;5;0004a30b00ffaa62;112;1;1;2;3;4;41.3000717, -4.9436183;
226;ARIES;2;2;5;0004a30b010ab531;115;2;1;2;3;4;41.3001917, -4.94322;
227;ARIES;2;2;5;0004a30b010add34;159;3;1;2;3;4;41.2999883, -4.9430967;
228;ARIES;2;2;5;0004a30b010d3659;158;4;1;2;3;4;41.30014, -4.9428017;
229;ARIES;2;2;6;0004a30b0100488e;831;1;1;2;3;4;41.300353, -4.9387503;
230;ARIES;2;2;6;0004a30b00ff7ad1;837;2;1;2;3;4;41.30033, -4.9391017;
231;ARIES;2;2;6;0004a30b01000ed8;832;3;1;2;3;4;41.300215, -4.9392767;
232;ARIES;2;2;7;0004a30b00fff1e6;829;1;1;2;3;4;41.3004945, -4.9391879;
233;ARIES;2;2;7;0004a30b01117b42;63;2;1;2;3;4;41.3001283, -4.9395117;
234;ARIES;2;2;7;0004a30b0105cfed;488;3;1;2;3;4;41.2999019, -4.9395234;
235;ARIES;2;2;8;0004a30b01056da7;486;1;1;2;3;4;41.300165, -4.9397933;
236;ARIES;2;2;8;0004a30b010b14ce;489;2;1;2;3;4;41.3002083, -4.939845;
237;ARIES;2;2;8;0004a30b010ad555;487;3;1;2;3;4;41.3002177, -4.9400375;
238;ARIES;2;2;9;0004a30b010d1a9a;485;1;1;2;3;4;41.3002133, -4.9400683;
239;ARIES;2;2;9;0004a30b010aa778;353;2;1;2;3;4;41.3002085, -4.9400801;
240;ARIES;2;2;9;0004a30b010af6d0;351;3;1;2;3;4;41.3002047, -4.9401048;
241;ARIES;2;2;9;0004a30b010aec58;352;4;1;2;3;4;41.3004301, -4.9404052;
242;ARIES;2;2;10;0004a30b010b15d3;350;1;1;2;3;4;41.3004167, -4.9404317;
243;ARIES;2;2;10;0004a30b010f7393;58;2;1;2;3;4;41.3003583, -4.9406033;
244;ARIES;2;2;10;0004a30b010d987a;426;3;1;2;3;4;41.3003566, -4.9406118;
245;ARIES;2;2;10;0004a30b010b10b3;428;4;1;2;3;4;41.3001918, -4.9411661;
246;ARIES;2;2;11;0004a30b010d21bd;429;1;1;2;3;4;41.3001883, -4.9412217;
247;ARIES;2;2;11;0004a30b01082a01;427;2;1;2;3;4;41.3003833, -4.9414367;
248;ARIES;2;2;11;0004a30b010e14d0;425;3;1;2;3;4;41.3001515, -4.9417215;
249;ARIES;2;2;11;0004a30b010aacdb;452;4;1;2;3;4;41.300165, -4.941802;
250;ARIES;2;2;12;0004a30b01000e0d;124;1;1;2;3;4;41.2995617, -4.94539;
251;ARIES;2;2;12;0004a30b00ff5d05;121;2;1;2;3;4;41.2994583, -4.9453201;
252;ARIES;2;2;12;0004a30b00ff7a77;125;3;1;2;3;4;41.299385, -4.944855;
253;ARIES;2;2;12;0004a30b010af7a2;122;4;1;2;3;4;41.299545, -4.944855;
254;ARIES;2;2;13;0004a30b0105731f;123;1;1;2;3;4;41.2994978, -4.9443776;
255;ARIES;2;2;13;0004a30b010f8d67;68;2;1;2;3;4;41.2995633, -4.94469;
256;ARIES;2;2;13;0004a30b010d9222;134;3;1;2;3;4;41.2996877, -4.9442115;
257;ARIES;2;2;13;0004a30b010d0640;665;4;1;2;3;4;41.2996083, -4.9442483;
258;ARIES;2;2;14;0004a30b01084514;664;1;1;2;3;4;41.2995633, -4.9439467;
259;ARIES;2;2;14;0004a30b010d1a48;667;2;1;2;3;4;41.2995003, -4.9438281;
260;ARIES;2;2;14;0004a30b0107a6f2;663;3;1;2;3;4;41.2995976, -4.9436724;
261;ARIES;2;2;14;0004a30b01078610;666;4;1;2;3;4;41.2995278, -4.9435985;
262;ARIES;2;2;15;0004a30b00ff19be;216;1;1;2;3;4;41.2994585, -4.9434953;
263;ARIES;2;2;15;0004a30b010b4a21;235;2;1;2;3;4;41.2996027, -4.9431636;
264;ARIES;2;2;15;0004a30b010b51fe;234;3;1;2;3;4;41.2996725, -4.9430836;
265;ARIES;2;2;15;0004a30b010b391d;217;4;1;2;3;4;41.2994881, -4.942895;
266;ARIES;2;2;16;0004a30b010adf06;219;1;1;2;3;4;41.2996469, -4.9427369;
267;ARIES;2;2;16;0004a30b010ade4c;644;2;1;2;3;4;41.2995632, -4.9425605;
268;ARIES;2;2;16;0004a30b01080c01;643;3;1;2;3;4;41.2994712, -4.9423792;
269;ARIES;2;2;17;0004a30b00ff1fc7;718;1;1;2;3;4;41.2998483, -4.941005;
270;ARIES;2;2;17;0004a30b010b31f1;647;2;1;2;3;4;41.2996745, -4.9411221;
271;ARIES;2;2;17;0004a30b01080c3f;649;3;1;2;3;4;41.2994747, -4.9412861;
272;ARIES;2;2;17;0004a30b0107ee89;650;4;1;2;3;4;41.2996308, -4.9414302;
273;ARIES;2;2;17;0004a30b010aa379;11;5;1;2;;;41.2994982, -4.9414999;
274;ARIES;2;2;18;0004a30b010ad999;651;1;1;2;3;4;41.2996175, -4.9416414;
275;ARIES;2;2;18;0004a30b010cf750;648;2;1;2;3;4;41.2996951, -4.9416781;
276;ARIES;2;2;18;0004a30b01056fb7;123;3;1;2;3;4;41.2996656, -4.9421119;
277;ARIES;2;2;18;0004a30b010aab5c;646;4;1;2;3;4;41.2996267, -4.942165;
278;ARIES;2;2;18;0004a30b010ababf;20;5;1;2;;;41.2996099, -4.9421127;
279;ARIES;3;1;1;0004a30b00ff514f;750;1;1;2;3;4;41.3040967, -4.9356583;
280;ARIES;3;1;1;0004a30b00ff3cfe;752;2;1;2;3;4;41.3041068, -4.93575;
281;ARIES;3;1;1;0004a30b00ffd96a;735;3;1;2;3;4;41.304118, -4.9359037;
282;ARIES;3;1;1;0004a30b00ff9511;737;4;1;2;3;4;41.30407, -4.9360783;
283;ARIES;3;1;2;0004a30b010e12be;76;1;1;2;3;4;41.3040717, -4.9362817;
284;ARIES;3;1;2;0004a30b00ff03f6;734;2;1;2;3;4;41.30404, -4.9363067;
285;ARIES;3;1;2;0004a30b010ab57c;805;3;1;2;3;4;41.3040733, -4.9364667;
286;ARIES;3;1;2;0004a30b010b3833;816;4;1;2;3;4;41.3040977, -4.9367369;
287;ARIES;3;1;3;0004a30b010adce7;803;1;1;2;3;4;41.3041, -4.9368067;
288;ARIES;3;1;3;0004a30b010ab5f7;804;2;1;2;3;4;41.3040783, -4.9369167;
289;ARIES;3;1;3;0004a30b010826dd;827;3;1;2;3;4;41.3040734, -4.9370442;
290;ARIES;3;1;3;0004a30b010ab80a;396;4;1;2;3;4;41.3040659, -4.9371505;
291;ARIES;3;1;4;0004a30b01113e36;38;1;1;2;3;4;41.3040659, -4.9371505;
292;ARIES;3;1;4;0004a30b01115a46;71;2;1;2;3;4;41.3035633, -4.9355033;
293;ARIES;3;1;4;0004a30b010d951e;401;3;1;2;3;4;41.303505, -4.9355183;
294;ARIES;3;1;4;0004a30b010af71d;404;4;1;2;3;4;41.303619, -4.9352779;
295;ARIES;3;1;5;0004a30b010df354;403;1;1;2;3;4;41.303542, -4.9362479;
296;ARIES;3;1;5;0004a30b010af4de;400;2;1;2;3;4;41.3034783, -4.9356483;
297;ARIES;3;1;5;0004a30b010d5c5d;402;3;1;2;3;4;41.3035727, -4.935918;
298;ARIES;3;1;5;0004a30b010abd74;284;4;1;2;3;4;41.303597, -4.9354945;
299;ARIES;3;1;6;0004a30b01053d4a;250;1;1;2;3;4;41.3035514, -4.9365199;
300;ARIES;3;1;6;0004a30b0110edeb;48;2;1;2;3;4;41.3034751, -4.9366628;
301;ARIES;3;1;6;0004a30b00ff7852;248;3;1;2;3;4;41.3036617, -4.93632;
302;ARIES;3;1;6;0004a30b010b36b7;249;4;1;2;3;4;41.3037243, -4.9363478;
303;ARIES;3;1;7;0004a30b010adcbe;749;1;1;2;3;4;41.3034189, -4.9373033;
304;ARIES;3;1;7;0004a30b010aa433;751;2;1;2;3;4;41.3034264, -4.9370845;
305;ARIES;3;1;7;0004a30b010abd51;748;3;1;2;3;4;41.3035686, -4.9371865;
306;ARIES;3;1;7;0004a30b010010a7;743;4;1;2;3;4;41.3034316, -4.9371216;
307;ARIES;3;1;8;0004a30b010b28e0;745;1;1;2;3;4;41.303408, -4.9378188;
308;ARIES;3;1;8;0004a30b00ff777b;747;2;1;2;3;4;41.3033333, -4.9376077;
309;ARIES;3;1;8;0004a30b00ff078d;746;3;1;2;3;4;41.3033621, -4.9376096;
310;ARIES;3;1;8;0004a30b010abdfc;25;4;1;2;;;41.3033095, -4.9376619;
311;ARIES;3;1;9;0004a30b00ff510e;744;1;1;2;3;4;41.3034033, -4.93818;
312;ARIES;3;1;9;0004a30b010e4dc8;293;2;1;2;3;4;41.3031562, -4.9383694;
313;ARIES;3;1;9;0004a30b010aba86;736;3;1;2;3;4;41.3034324, -4.9381959;
314;ARIES;3;1;10;0004a30b010d56f9;282;1;1;2;3;4;41.3028734, -4.9383178;
315;ARIES;3;1;10;0004a30b01057526;279;2;1;2;3;4;41.30259, -4.93774;
316;ARIES;3;1;10;0004a30b0107b83e;281;3;1;2;3;4;41.3026467, -4.9382683;
317;ARIES;3;1;10;0004a30b00ff06ad;251;4;1;2;3;4;41.3027539, -4.9379824;
318;ARIES;3;1;11;0004a30b0108424d;260;1;1;2;3;4;41.302755, -4.9384688;
319;ARIES;3;1;11;0004a30b00ff331b;263;2;1;2;3;4;41.3027413, -4.938845;
320;ARIES;3;1;11;0004a30b010afd80;262;3;1;2;3;4;41.3027123, -4.9385681;
321;ARIES;3;1;12;0004a30b010ad8f9;261;1;1;2;3;4;41.3028433, -4.93901;
322;ARIES;3;1;12;0004a30b010b19d9;258;2;1;2;3;4;41.30255, -4.9391683;
323;ARIES;3;1;12;0004a30b010af0cc;532;3;1;2;3;4;41.302685, -4.9390733;
324;ARIES;3;1;13;0004a30b0108189b;285;1;1;2;3;4;41.3026967, -4.9394367;
325;ARIES;3;1;13;0004a30b010abcd8;535;2;1;2;3;4;41.3027417, -4.9394467;
326;ARIES;3;1;13;0004a30b010ab575;534;3;1;2;3;4;41.3026508, -4.9391564;
327;ARIES;3;1;14;0004a30b010b5a17;382;1;1;2;3;4;41.30273, -4.9353433;
328;ARIES;3;1;14;0004a30b010dd92a;290;2;1;2;3;4;41.3027617, -4.9352567;
329;ARIES;3;1;14;0004a30b010ad806;255;3;1;2;3;4;41.3027599, -4.9351986;
330;ARIES;3;1;14;0004a30b010adf3b;253;4;1;2;3;4;41.30281, -4.93515;
331;ARIES;3;1;15;0004a30b010abb5b;256;1;1;2;3;4;41.3027494, -4.9357253;
332;ARIES;3;1;15;0004a30b010d7808;270;2;1;2;3;4;41.3027433, -4.9357383;
333;ARIES;3;1;15;0004a30b0105e390;273;3;1;2;3;4;41.3027434, -4.9357399;
334;ARIES;3;1;15;0004a30b010abd87;516;4;1;2;3;4;41.3028283, -4.9363133;
335;ARIES;3;1;16;0004a30b01055432;272;1;1;2;3;4;41.302565, -4.9364017;
336;ARIES;3;1;16;0004a30b010d218e;271;2;1;2;3;4;41.3025633, -4.9364017;
337;ARIES;3;1;16;0004a30b010e30b8;277;3;1;2;3;4;41.3027333, -4.9368933;
338;ARIES;3;1;16;0004a30b01081bf1;275;4;1;2;3;4;41.3025633, -4.936405;
339;ARIES;3;1;17;0004a30b010d9677;278;1;1;2;3;4;41.30259, -4.9373417;
340;ARIES;3;1;17;0004a30b010aa401;274;2;1;2;3;4;41.30275, -4.9370033;
341;ARIES;3;1;17;0004a30b010d3654;269;3;1;2;3;4;41.30275, -4.9370017;
342;ARIES;3;1;17;0004a30b010b5100;280;4;1;2;3;4;41.30259, -4.9373417;
343;ARIES;3;1;18;0004a30b010addda;698;1;1;2;3;4;41.3023783, -4.9399533;
344;ARIES;3;1;18;0004a30b010b2a13;788;2;1;2;3;4;41.3023373, -4.9399913;
345;ARIES;3;1;18;0004a30b00ff9252;791;3;1;2;3;4;41.3023267, -4.9399867;
346;ARIES;3;1;18;0004a30b01055832;792;4;1;2;3;4;41.3023417, -4.939915;
347;ARIES;3;2;1;0004a30b00ff37d8;773;1;1;2;3;4;41.32562255859375, -4.924005478736274;
348;ARIES;3;2;1;0004a30b010b4ca9;775;2;1;2;3;4;41.32568359375, -4.92382412039826;
349;ARIES;3;2;1;0004a30b010d3882;198;3;1;2;3;4;41.32452392578125, -4.924442753053737;
350;ARIES;3;2;1;0004a30b0105403e;795;4;1;2;3;4;41.30877685546875, -4.9220536932796355;
351;ARIES;3;2;2;0004a30b00ff5211;696;1;1;2;3;4;41.291778564453125, -4.948691819132683;
352;ARIES;3;2;2;0004a30b00ffd72f;776;2;1;2;3;4;41.32452392578125, -4.9236842057702255;
353;ARIES;3;2;2;0004a30b010b510e;777;3;1;2;3;4;41.32366943359375, -4.924793944315374;
354;ARIES;3;2;2;0004a30b00fff4d2;774;4;1;2;3;4;41.325714111328125, -4.923966120931311;
355;ARIES;3;2;3;0004a30b010ad783;811;1;1;2;3;4;41.321624755859375, -4.9240607852998295;
356;ARIES;3;2;3;0004a30b01058d88;815;2;1;2;3;4;41.305816650390625, -4.930237079761691;
357;ARIES;3;2;3;0004a30b0105b140;810;3;1;2;3;4;41.31689453125, -4.931969493009038;
358;ARIES;3;2;3;0004a30b010addb9;814;4;1;2;3;4;41.30572509765625, -4.926276127858639;
359;ARIES;3;2;4;0004a30b010f8fed;72;1;1;2;3;4;41.295684814453125, -4.93194968007109;
360;ARIES;3;2;4;0004a30b01002e5e;723;2;1;2;3;4;41.295684814453125, -4.931949609930131;
361;ARIES;3;2;4;0004a30b010abdd3;727;3;1;2;3;4;41.295684814453125, -4.931949611636583;
362;ARIES;3;2;4;0004a30b010abd46;707;4;1;2;3;4;41.295684814453125, -4.931949609092447;
363;ARIES;3;2;5;0004a30b0107e004;65;1;1;2;3;4;41.295684814453125, -4.9319512115061395;
364;ARIES;3;2;5;0004a30b00ff9119;813;2;1;2;3;4;41.295684814453125, -4.93194994001053;
365;ARIES;3;2;5;0004a30b010adf08;784;3;1;2;3;4;41.295684814453125, -4.93194994001053;
366;ARIES;3;2;5;0004a30b00fff52c;695;4;1;2;3;4;41.295684814453125, -4.931951184424126;
367;ARIES;3;2;6;0004a30b010aa441;704;1;1;2;3;4;41.295684814453125, -4.93195519650018;
368;ARIES;3;2;6;0004a30b010b2e26;706;2;1;2;3;4;41.295745849609375, -4.9319148475093115;
369;ARIES;3;2;6;0004a30b010ad852;709;3;1;2;3;4;41.295684814453125, -4.931956039376564;
370;ARIES;3;2;6;0004a30b010af70e;303;4;1;2;3;4;41.295684814453125, -4.931956413185284;
371;ARIES;3;2;7;0004a30b00ff5555;165;1;1;2;3;4;41.296173095703125, -4.931576126756034;
372;ARIES;3;2;7;0004a30b01083d32;312;2;1;2;3;4;41.297607421875, -4.930434584635186;
373;ARIES;3;2;7;0004a30b010b2cca;146;3;1;2;3;4;41.2998046875, -4.9286812884763;
374;ARIES;3;2;7;0004a30b010ad78a;35;4;1;2;;;41.306365966796875, -4.923454129030613;
375;ARIES;3;2;8;0004a30b010b117f;63;1;1;2;3;4;41.30841064453125, -4.92316943966847;
376;ARIES;3;2;8;0004a30b010aa3e2;147;2;1;2;3;4;41.308502197265625, -4.921733141472774;
377;ARIES;3;2;8;0004a30b010d3e4a;148;3;1;2;3;4;41.30853271484375, -4.921742039975874;
378;ARIES;3;2;9;0004a30b010aecc2;999;1;1;2;3;4;41.31884765625, -4.923188140832834;
379;ARIES;3;2;9;0004a30b010b156f;533;2;1;2;3;4;41.31085205078125, -4.922354495943269;
380;ARIES;3;2;9;0004a30b010af7c1;324;3;1;2;3;4;41.308837890625, -4.923040813171259;
381;ARIES;3;2;9;0004a30b010dae97;322;4;1;2;3;4;;
382;ARIES;3;2;10;0004a30b010afb4f;628;1;1;2;3;4;41.2952880859375, -4.936253902152814;
383;ARIES;3;2;10;0004a30b010abb40;630;2;1;2;3;4;41.288330078125, -4.938889982672033;
384;ARIES;3;2;10;0004a30b010abb75;320;3;1;2;3;4;41.290679931640625, -4.946529935074904;
385;ARIES;3;2;10;0004a30b010e4d28;321;4;1;2;3;4;41.288848876953125, -4.942056443523546;
386;ARIES;3;2;11;0004a30b00ffc2ed;264;1;1;2;3;4;41.295684814453125, -4.932198799110302;
387;ARIES;3;2;11;0004a30b010ac0df;629;2;1;2;3;4;41.295684814453125, -4.93194477952544;
388;ARIES;3;2;11;0004a30b010b3045;631;3;1;2;3;4;41.319976806640625, -4.9221493532423635;
389;ARIES;3;2;11;0004a30b010b11d1;632;4;1;2;3;4;41.29632568359375, -4.9603649933804626;
390;ARIES;3;2;12;0004a30b0107a5ee;268;1;1;2;3;4;41.295684814453125, -4.931949610074575;
391;ARIES;3;2;12;0004a30b010ad75e;266;2;1;2;3;4;41.295684814453125, -4.931949611117344;
392;ARIES;3;2;12;0004a30b010b2f5f;265;3;1;2;3;4;41.295989990234375, -4.951086644058323;
393;ARIES;3;2;12;0004a30b01082d12;267;4;1;2;3;4;41.295684814453125, -4.931949612622565;
394;ARIES;3;2;13;0004a30b010b2a0b;330;1;1;2;3;4;41.30743408203125, -4.923958869840227;
395;ARIES;3;2;13;0004a30b010b517e;331;2;1;2;3;4;41.30743408203125, -4.923958869840227;
396;ARIES;3;2;13;0004a30b010ad6c1;332;3;1;2;3;4;41.295684814453125, -4.931949694250123;
397;ARIES;3;2;13;0004a30b010abc29;333;4;1;2;3;4;41.295684814453125, -4.931949631544798;
398;ARIES;3;2;14;0004a30b0107ee92;62;1;1;2;3;4;41.30743408203125, -4.923966688292735;
399;ARIES;3;2;14;0004a30b010aabaf;326;2;1;2;3;4;41.28765869140625, -4.939155277199085;
400;ARIES;3;2;14;0004a30b010b3828;334;3;1;2;3;4;41.28765869140625, -4.939154030548982;
401;ARIES;3;2;14;0004a30b010ad3ba;21;4;1;2;;;41.2967529296875, -4.96139951407226;
402;ARIES;3;2;15;0004a30b0107c18f;64;1;1;2;3;4;41.287811279296875, -4.9395097803660795;
403;ARIES;3;2;15;0004a30b01079b96;300;2;1;2;3;4;41.291015625, -4.947321156484994;
404;ARIES;3;2;15;0004a30b0107a6bc;61;3;1;2;3;4;41.2889404296875, -4.942283196240736;
405;ARIES;3;2;16;0004a30b010e2e91;542;1;1;2;3;4;41.296722412109375, -4.931444503003627;
406;ARIES;3;2;16;0004a30b010b3765;555;2;1;2;3;4;41.295806884765625, -4.934551092406897;
407;ARIES;3;2;16;0004a30b010b159a;557;3;1;2;3;4;41.295806884765625, -4.934551092406897;
408;ARIES;3;2;16;0004a30b010b36d9;22;4;1;2;;;41.29571533203125, -4.9322502151197645;
409;ARIES;3;2;17;0004a30b010b1616;328;1;1;2;3;4;41.28765869140625, -4.939154833844235;
410;ARIES;3;2;17;0004a30b0107c22c;325;2;1;2;3;4;41.297149658203125, -4.962331145781199;
411;ARIES;3;2;17;0004a30b010b1236;327;3;1;2;3;4;41.28765869140625, -4.939153844227081;
412;ARIES;3;2;17;0004a30b010aace2;546;4;1;2;3;4;41.29681396484375, -4.961560974382884;
413;ARIES;3;2;18;0004a30b010b10c8;562;1;1;2;3;4;41.28765869140625, -4.939152927323752;
414;ARIES;3;2;18;0004a30b010ad574;558;2;1;2;3;4;41.288238525390625, -4.940639092870595;
415;ARIES;3;2;18;0004a30b010acf92;561;3;1;2;3;4;41.28765869140625, -4.9391615524500345;
416;ARIES;3;2;18;0004a30b010b3814;329;4;1;2;3;4;41.290802001953125, -4.946841066175804;
417;ARIES;4;1;1;0004a30b010b1202;383;1;1;2;3;4;41.30287018863418, -4.9346150731438785;
418;ARIES;4;1;1;0004a30b010ab56d;384;2;1;2;3;4;41.30278792220202, -4.934962528663033;
419;ARIES;4;1;1;0004a30b010b0fa6;259;3;1;2;3;4;41.30284403556051, -4.934787858881513;
420;ARIES;4;1;2;0004a30b010afb06;254;1;1;2;3;4;41.30284224159705, -4.934145707082297;
421;ARIES;4;1;2;0004a30b010b2f76;380;2;1;2;3;4;41.303041624996666, -4.934552595001639;
422;ARIES;4;1;2;0004a30b010abb3c;381;3;1;2;3;4;41.3028723399894, -4.934404743123066;
423;ARIES;4;1;2;0004a30b010e19f1;4;4;1;2;;;41.302798935015275, -4.93429111336002;
424;ARIES;4;1;3;0004a30b010d1cc4;283;1;1;2;3;4;41.30278596271469, -4.933794467340727;
425;ARIES;4;1;3;0004a30b01058842;328;2;1;2;3;4;41.302868756684106, -4.933435892437692;
426;ARIES;4;1;3;0004a30b0107c1c7;292;3;1;2;3;4;41.30284800464225, -4.933948254056486;
427;ARIES;4;1;3;0004a30b01057a93;305;4;1;2;3;4;41.30281258572937, -4.933585026173243;
428;ARIES;4;1;4;0004a30b01057104;490;1;1;2;3;4;41.30221302129734, -4.934763409368663;
429;ARIES;4;1;4;0004a30b010b460f;446;2;1;2;3;4;41.302213602764574, -4.93468552222755;
430;ARIES;4;1;4;0004a30b010aedf1;449;3;1;2;3;4;41.302218547732515, -4.934966335658982;
431;ARIES;4;1;5;0004a30b010adddd;315;1;1;2;3;4;41.30220183152379, -4.934434212145378;
432;ARIES;4;1;5;0004a30b010aa553;317;2;1;2;3;4;41.30220183152379, -4.934434212145378;
433;ARIES;4;1;5;0004a30b010b4b6f;318;3;1;2;3;4;41.30219850734404, -4.934205750069459;
434;ARIES;4;1;6;0004a30b010e2fac;319;1;1;2;3;4;41.30229145949032, -4.93389753181659;
435;ARIES;4;1;6;0004a30b0108197e;316;2;1;2;3;4;41.302226950408084, -4.934090220370205;
436;ARIES;4;1;6;0004a30b0105e027;447;3;1;2;3;4;41.302247086556804, -4.933705427640643;
437;ARIES;4;1;7;0004a30b010add53;448;1;1;2;3;4;41.30225410720194, -4.93312041908961;
438;ARIES;4;1;7;0004a30b010b37f5;725;2;1;2;3;4;41.302247086556804, -4.933705427640643;
439;ARIES;4;1;7;0004a30b00ffd741;726;3;1;2;3;4;41.302246389977505, -4.933461613616984;
440;ARIES;4;1;7;0004a30b010ad073;30;4;1;2;;;41.30226768214169, -4.933307219488562;
441;ARIES;4;1;8;0004a30b00ff78f6;491;1;1;2;3;4;41.30170776771262, -4.934770758918659;
442;ARIES;4;1;8;0004a30b010abdbd;412;2;1;2;3;4;41.30167178417458, -4.9349754930407155;
443;ARIES;4;1;8;0004a30b010acf9a;728;3;1;2;3;4;41.30165888856051, -4.934611311266369;
444;ARIES;4;1;9;0004a30b010ad8da;729;1;1;2;3;4;41.301656361394755, -4.934443966568201;
445;ARIES;4;1;9;0004a30b010b491e;731;2;1;2;3;4;41.30164928204737, -4.934307622249398;
446;ARIES;4;1;9;0004a30b010af6c1;732;3;1;2;3;4;41.301708661499895, -4.934154720463762;
447;ARIES;4;1;10;0004a30b01007936;730;1;1;2;3;4;41.30173373898354, -4.93369289727628;
448;ARIES;4;1;10;0004a30b010d75e4;422;2;1;2;3;4;41.30169675723402, -4.9339895863182965;
449;ARIES;4;1;10;0004a30b00ffa876;716;3;1;2;3;4;41.30164861350013, -4.933844045856412;
450;ARIES;4;1;11;0004a30b00ffd705;742;1;1;2;3;4;41.30174233893413, -4.933130789004281;
451;ARIES;4;1;11;0004a30b010af7bd;715;2;1;2;3;4;41.30168238411543, -4.933442043969076;
452;ARIES;4;1;11;0004a30b00ff512b;738;3;1;2;3;4;41.30165047800856, -4.933289996168542;
453;ARIES;4;1;11;0004a30b01055a70;40;4;1;2;;;41.30164254737827, -4.933696189942332;
454;ARIES;4;1;12;0004a30b010abb65;559;1;1;2;3;4;41.301046431621224, -4.934595941242802;
455;ARIES;4;1;12;0004a30b01083d0c;560;2;1;2;3;4;41.30101462076823, -4.934445418079536;
456;ARIES;4;1;12;0004a30b010aef1d;338;3;1;2;3;4;41.30105608126459, -4.934911533441229;
457;ARIES;4;1;12;0004a30b010d1dd3;339;4;1;2;3;4;41.30104855791102, -4.9347482589175975;
458;ARIES;4;1;13;0004a30b010b2a33;337;1;1;2;3;4;41.301128046673874, -4.933903341974336;
459;ARIES;4;1;13;0004a30b010abdcc;336;2;1;2;3;4;41.301085284871775, -4.934036595721686;
460;ARIES;4;1;13;0004a30b010aee35;335;3;1;2;3;4;41.30108815582086, -4.934194796588013;
461;ARIES;4;1;13;0004a30b010d2120;24;4;1;2;;;41.30101462076823, -4.934445418079536;
462;ARIES;4;1;14;0004a30b010b0c63;601;1;1;2;3;4;41.3010660885427, -4.93358373295437;
463;ARIES;4;1;14;0004a30b010abc2a;598;2;1;2;3;4;41.30113772248173, -4.9334141475756175;
464;ARIES;4;1;14;0004a30b010b3912;600;3;1;2;3;4;41.30115707583367, -4.933730239300638;
465;ARIES;4;1;15;0004a30b010d361e;424;1;1;2;3;4;41.30043982695014, -4.934508361491161;
466;ARIES;4;1;15;0004a30b010af0a9;477;2;1;2;3;4;41.30050152125567, -4.934979745506883;
467;ARIES;4;1;15;0004a30b010aab45;478;3;1;2;3;4;41.300483890221145, -4.934818665810248;
468;ARIES;4;1;15;0004a30b010b5f74;26;4;1;2;;;41.300389063673606, -4.934643130784921;
469;ARIES;4;1;16;0004a30b010b2db4;476;1;1;2;3;4;41.300185750016375, -4.934270657476109;
470;ARIES;4;1;16;0004a30b00ff8c51;495;2;1;2;3;4;41.30047607421875, -4.934181636297864;
471;ARIES;4;1;16;0004a30b00ffd71c;496;3;1;2;3;4;41.30047607421875, -4.934037768880841;
472;ARIES;4;1;16;0004a30b01006698;498;4;1;2;3;4;41.300476772066574, -4.933902981494027;
473;ARIES;4;1;17;0004a30b010abd2f;479;1;1;2;3;4;41.300384521484375, -4.933446726009121;
474;ARIES;4;1;17;0004a30b010b2ee3;499;2;1;2;3;4;41.300447657728846, -4.933686469057879;
475;ARIES;4;1;17;0004a30b010b4a57;475;3;1;2;3;4;41.300480373716795, -4.933587949910039;
476;ARIES;4;1;17;0004a30b00ff1bd8;778;4;1;2;3;4;41.3004150390625, -4.933446650745371;
477;ARIES;4;1;18;0004a30b010b2a54;465;1;1;2;3;4;41.299862068594756, -4.933628746588415;
478;ARIES;4;1;18;0004a30b010b11c2;468;2;1;2;3;4;41.307861328125, -4.922206124450481;
479;ARIES;4;1;18;0004a30b010aa8df;474;3;1;2;3;4;41.308441162109375, -4.921978518616758;
480;ARIES;4;1;18;0004a30b010ac1bc;472;4;1;2;3;4;41.3084716796875, -4.921968579464742;
481;ARIES;4;1;19;0004a30b010d3991;414;1;1;2;3;4;41.2998802237181, -4.933359767711526;
482;ARIES;4;1;19;0004a30b010aee80;410;2;1;2;3;4;41.29993706010784, -4.9332021567548425;
483;ARIES;4;1;19;0004a30b00ff5ccc;682;3;1;2;3;4;41.2998792918171, -4.933515380443384;
484;ARIES;4;1;19;0004a30b010e3171;411;4;1;2;3;4;41.3084716796875, -4.921967142475808;
485;ARIES;4;1;20;0004a30b010ab6eb;680;1;1;2;3;4;41.3084716796875, -4.921968023891519;
486;ARIES;4;1;20;0004a30b01000eb5;511;2;1;2;3;4;41.307891845703125, -4.922192872515215;
487;ARIES;4;1;20;0004a30b00ff3d86;678;3;1;2;3;4;41.3084716796875, -4.921965411229528;
488;ARIES;4;2;1;0004a30b010786f1;294;1;1;2;3;4;41.30281813478987, -4.933159540461213;
489;ARIES;4;2;1;0004a30b01080bbf;291;2;1;2;3;4;41.30284727528619, -4.933330086467477;
490;ARIES;4;2;1;0004a30b010af331;373;3;1;2;3;4;41.302872334180776, -4.932934494716847;
491;ARIES;4;2;1;0004a30b010532c7;326;4;1;2;3;4;41.302904976982525, -4.932771433486143;
492;ARIES;4;2;2;0004a30b01004b9a;703;1;1;2;3;4;41.30229946683264, -4.932361013326391;
493;ARIES;4;2;2;0004a30b010b11ac;724;2;1;2;3;4;41.30220874353543, -4.932037633712391;
494;ARIES;4;2;2;0004a30b00ffb55f;501;3;1;2;3;4;41.302283343198916, -4.93220728291631;
495;ARIES;4;2;3;0004a30b01002d61;503;1;1;2;3;4;41.302261601015545, -4.932981749282992;
496;ARIES;4;2;3;0004a30b010af2b5;502;2;1;2;3;4;41.302318767748844, -4.932680400881143;
497;ARIES;4;2;3;0004a30b01000dfe;504;3;1;2;3;4;41.302276320647856, -4.932567387234205;
498;ARIES;4;2;3;0004a30b010af44e;29;4;1;2;;;41.30225683423306, -4.932807153717799;
499;ARIES;4;2;4;0004a30b010ac1c5;717;1;1;2;3;4;41.301679197220366, -4.932798551542191;
500;ARIES;4;2;4;0004a30b010590d8;320;2;1;2;3;4;41.30170956281496, -4.932668279652464;
501;ARIES;4;2;4;0004a30b00ff7300;740;3;1;2;3;4;41.301798986415626, -4.93298423697921;
502;ARIES;4;2;5;0004a30b010b32a2;739;1;1;2;3;4;41.30168540697684, -4.932493590414592;
503;ARIES;4;2;5;0004a30b010afd4a;722;2;1;2;3;4;41.30166759335972, -4.93218345618073;
504;ARIES;4;2;5;0004a30b00ffa927;741;3;1;2;3;4;41.301690106490724, -4.932014059024385;
505;ARIES;4;2;5;0004a30b00ff2145;713;4;1;2;3;4;41.30170948983476, -4.9323533148935885;
506;ARIES;4;2;6;0004a30b00ff1ba0;721;1;1;2;3;4;41.301707305496485, -4.931569780259031;
507;ARIES;4;2;6;0004a30b010ab582;719;2;1;2;3;4;41.301666259765625, -4.9317352378907655;
508;ARIES;4;2;6;0004a30b01056eb2;720;3;1;2;3;4;41.30172408546543, -4.93146745965301;
509;ARIES;4;2;6;0004a30b010b5e45;843;4;1;2;3;4;41.30168046973507, -4.931863636836847;
510;ARIES;4;2;7;0004a30b010b59e6;602;1;1;2;3;4;41.301122620470245, -4.931275358078063;
511;ARIES;4;2;7;0004a30b010aa3ed;585;2;1;2;3;4;41.30113076292165, -4.931153332801388;
512;ARIES;4;2;7;0004a30b010d91e8;584;3;1;2;3;4;41.30112988798482, -4.930976467507291;
513;ARIES;4;2;7;0004a30b010abc2c;583;4;1;2;3;4;41.301159334799486, -4.930838233317286;
514;ARIES;4;2;8;0004a30b010ad8ae;588;1;1;2;3;4;41.301092098910104, -4.931951022863267;
515;ARIES;4;2;8;0004a30b010553c5;586;2;1;2;3;4;41.30108801974378, -4.93177079649723;
516;ARIES;4;2;8;0004a30b010d1a43;544;3;1;2;3;4;41.30110870365456, -4.931519890995569;
517;ARIES;4;2;8;0004a30b010aa4b9;531;4;1;2;3;4;41.30111386896564, -4.9313960519451046;
518;ARIES;4;2;9;0004a30b010b45cd;528;1;1;2;3;4;41.30108794907504, -4.932450497916633;
519;ARIES;4;2;9;0004a30b010ab558;527;2;1;2;3;4;41.3010978373404, -4.932188532759266;
520;ARIES;4;2;9;0004a30b010ad586;529;3;1;2;3;4;41.301070771872205, -4.932074527942641;
521;ARIES;4;2;9;0004a30b010e6769;10;4;1;2;;;41.30110260122396, -4.932318186087406;
522;ARIES;4;2;10;0004a30b010afb8b;545;1;1;2;3;4;41.301070076692504, -4.932817482132033;
523;ARIES;4;2;10;0004a30b010d388c;541;2;1;2;3;4;41.30107379236323, -4.93294040420252;
524;ARIES;4;2;10;0004a30b010aaba4;543;3;1;2;3;4;41.301089266565235, -4.932571654700607;
525;ARIES;4;2;11;0004a30b010b511b;551;1;1;2;3;4;41.30054618480771, -4.931266343281369;
526;ARIES;4;2;11;0004a30b010786fb;547;2;1;2;3;4;41.30051141311544, -4.9311561459446995;
527;ARIES;4;2;11;0004a30b010b28ee;539;3;1;2;3;4;41.300506591796875, -4.930979455751479;
528;ARIES;4;2;11;0004a30b010b35f7;538;4;1;2;3;4;41.30051483129653, -4.930799718594906;
529;ARIES;4;2;12;0004a30b010b1b4e;537;1;1;2;3;4;41.30050378346371, -4.931757290927326;
530;ARIES;4;2;12;0004a30b010ad5a0;342;2;1;2;3;4;41.30055043154034, -4.93187351245819;
531;ARIES;4;2;12;0004a30b010d3f2b;340;3;1;2;3;4;41.30050378346371, -4.931757290927326;
532;ARIES;4;2;12;0004a30b010d0881;341;4;1;2;3;4;41.3005531245876, -4.931397887493034;
533;ARIES;4;2;13;0004a30b010b2e50;343;1;1;2;3;4;41.30052308110688, -4.931992725986638;
534;ARIES;4;2;13;0004a30b0107fb91;344;2;1;2;3;4;41.3004624989194, -4.9322146167189755;
535;ARIES;4;2;13;0004a30b010aa78e;540;3;1;2;3;4;41.300497582482805, -4.932451946572738;
536;ARIES;4;2;13;0004a30b00fff483;497;4;1;2;3;4;41.30051172845565, -4.932332050671402;
537;ARIES;4;2;14;0004a30b00ffc346;781;1;1;2;3;4;41.300497588774995, -4.93300045173851;
538;ARIES;4;2;14;0004a30b010b363c;782;2;1;2;3;4;41.30049438134197, -4.933129921643975;
539;ARIES;4;2;14;0004a30b00ff7aae;779;3;1;2;3;4;41.30044003401108, -4.932676125824799;
540;ARIES;4;2;14;0004a30b00fef592;780;4;1;2;3;4;41.30039097170126, -4.932841020995592;
541;ARIES;4;2;15;0004a30b010b14ed;438;1;1;2;3;4;41.29990212253468, -4.930979905032905;
542;ARIES;4;2;15;0004a30b0107a375;435;2;1;2;3;4;41.29996509057189, -4.931087278360636;
543;ARIES;4;2;15;0004a30b0108264d;436;3;1;2;3;4;41.29988649891762, -4.930833930284159;
544;ARIES;4;2;15;0004a30b010b2a49;514;4;1;2;3;4;41.29996263280464, -4.931216954399358;
545;ARIES;4;2;16;0004a30b0107e034;439;1;1;2;3;4;41.299951255114706, -4.931831493575908;
546;ARIES;4;2;16;0004a30b010af10b;437;2;1;2;3;4;41.29994561116269, -4.931707348796329;
547;ARIES;4;2;16;0004a30b010dabde;417;3;1;2;3;4;;
548;ARIES;4;2;16;0004a30b010d57eb;415;4;1;2;3;4;41.29995087309878, -4.931337560906306;
549;ARIES;4;2;17;0004a30b01083d34;416;1;1;2;3;4;41.299938027848754, -4.931966681378319;
550;ARIES;4;2;17;0004a30b010ad804;419;2;1;2;3;4;41.2999203472543, -4.932346571872222;
551;ARIES;4;2;17;0004a30b010b516f;418;3;1;2;3;4;41.299910996426675, -4.932096602532655;
552;ARIES;4;2;17;0004a30b0100655d;513;4;1;2;3;4;41.299962997358975, -4.932456778713664;
553;ARIES;4;2;18;0004a30b010b49f4;510;1;1;2;3;4;41.299805794121184, -4.932926175156092;
554;ARIES;4;2;18;0004a30b00ff5d16;512;2;1;2;3;4;41.299889278139126, -4.932684845369387;
555;ARIES;4;2;18;0004a30b0107e033;413;3;1;2;3;4;41.299939211155056, -4.932785739015114;
556;ARIES;4;2;18;0004a30b010b4ab4;679;4;1;2;3;4;41.29995950978497, -4.933132974777258;
557;ARIES;5;1;1;0004a30b010d1cd3;553;1;1;2;3;4;41.30107088496933, -4.937326645402945;
558;ARIES;5;1;1;0004a30b010b29d4;554;2;1;2;3;4;41.3010103500081, -4.936912232755956;
559;ARIES;5;1;1;0004a30b010b2f10;556;3;1;2;3;4;41.30099633800983, -4.937081270311603;
560;ARIES;5;1;1;0004a30b010b4f57;549;4;1;2;3;4;41.30099952153128, -4.9372309478018375;
561;ARIES;5;1;2;0004a30b010b297d;548;1;1;2;3;4;41.30103208135241, -4.9378342042993655;
562;ARIES;5;1;2;0004a30b010b50c0;245;2;1;2;3;4;41.301043316599944, -4.937586397921794;
563;ARIES;5;1;2;0004a30b00ffd974;241;3;1;2;3;4;41.30106634537839, -4.937453152019531;
564;ARIES;5;1;2;0004a30b010ac2c5;550;4;1;2;3;4;41.3007997558707, -4.937956837534787;
565;ARIES;5;1;3;0004a30b00ff0387;244;1;1;2;3;4;41.301031843607404, -4.938475349146311;
566;ARIES;5;1;3;0004a30b00ffb61b;243;2;1;2;3;4;41.300985159113296, -4.9383341411987365;
567;ARIES;5;1;3;0004a30b01055a72;242;3;1;2;3;4;41.300986124950974, -4.938162539404009;
568;ARIES;5;1;4;0004a30b0107bc5a;421;1;1;2;3;4;41.30043762076145, -4.93531165938341;
569;ARIES;5;1;4;0004a30b010d0593;423;2;1;2;3;4;41.30056076322489, -4.934887943543052;
570;ARIES;5;1;4;0004a30b010e1153;7;3;1;2;;;41.30046626333329, -4.935101998566657;
571;ARIES;5;1;5;0004a30b0107b529;420;1;1;2;3;4;41.30053823407068, -4.935801187565923;
572;ARIES;5;1;5;0004a30b010aa58d;523;2;1;2;3;4;41.3005347727072, -4.9354045348362785;
573;ARIES;5;1;5;0004a30b010b5e4f;23;3;1;2;;;41.30042567509468, -4.935590127506782;
574;ARIES;5;1;6;0004a30b010abe8a;480;1;1;2;3;4;41.300482384077824, -4.9359015095078105;
575;ARIES;5;1;6;0004a30b010ab604;482;2;1;2;3;4;41.30047607421875, -4.936067086604492;
576;ARIES;5;1;6;0004a30b010b4482;509;3;1;2;3;4;41.300509215692315, -4.936331222224575;
577;ARIES;5;1;6;0004a30b010aa948;505;4;1;2;3;4;41.30050683825243, -4.9362097758095;
578;ARIES;5;1;7;0004a30b010b0b01;506;1;1;2;3;4;41.30042249048179, -4.93698660811073;
579;ARIES;5;1;7;0004a30b010abb74;507;2;1;2;3;4;41.300494485931544, -4.936553078609582;
580;ARIES;5;1;7;0004a30b010b62b5;508;3;1;2;3;4;41.30049634792985, -4.93664189949284;
581;ARIES;5;1;7;0004a30b010d1d15;484;4;1;2;3;4;41.30046172420165, -4.936833587360952;
582;ARIES;5;1;8;0004a30b010d3e3d;481;1;1;2;3;4;41.30049653494287, -4.937167186696559;
583;ARIES;5;1;8;0004a30b01000efa;483;2;1;2;3;4;41.300409359155395, -4.937314808665255;
584;ARIES;5;1;8;0004a30b010acec9;522;3;1;2;3;4;41.30049116324314, -4.937474000155481;
585;ARIES;5;1;8;0004a30b010aee29;526;4;1;2;3;4;41.30049923255692, -4.937637577219107;
586;ARIES;5;1;9;0004a30b010b107c;473;1;1;2;3;4;41.299886859714135, -4.935503464252865;
587;ARIES;5;1;9;0004a30b010d7da9;470;2;1;2;3;4;41.29989167697299, -4.93520221077597;
588;ARIES;5;1;9;0004a30b00ff379c;471;3;1;2;3;4;41.29988423340114, -4.935349720874242;
589;ARIES;5;1;9;0004a30b010ad0ab;469;4;1;2;3;4;41.2998790959501, -4.935033387329316;
590;ARIES;5;1;10;0004a30b01053e77;466;1;1;2;3;4;41.29985253797307, -4.935650807539662;
591;ARIES;5;1;10;0004a30b010b5156;467;2;1;2;3;4;41.299837065547365, -4.935786463977495;
592;ARIES;5;1;10;0004a30b00fff116;494;3;1;2;3;4;41.29983597442056, -4.936129664778346;
593;ARIES;5;1;10;0004a30b010aa3a9;493;4;1;2;3;4;41.29987344113629, -4.935953483636973;
594;ARIES;5;1;11;0004a30b010b163d;492;1;1;2;3;4;41.29986891894224, -4.936656528288138;
595;ARIES;5;1;11;0004a30b010b2eaf;525;2;1;2;3;4;41.29984769456774, -4.9361886669644734;
596;ARIES;5;1;11;0004a30b010ad5fc;524;3;1;2;3;4;41.299845709254356, -4.936516788955286;
597;ARIES;5;1;11;0004a30b010abf35;9;4;1;2;;;41.29981809578296, -4.9363593992425505;
598;ARIES;5;1;12;0004a30b01057544;118;1;1;2;3;4;41.29927588729187, -4.933770866954797;
599;ARIES;5;1;12;0004a30b010aec9d;681;2;1;2;3;4;41.29919391919139, -4.934086934397761;
600;ARIES;5;1;12;0004a30b00ff73a0;224;3;1;2;3;4;41.29927386027601, -4.933933431252983;
601;ARIES;5;1;13;0004a30b010daee1;226;1;1;2;3;4;41.29924177431849, -4.934597371398915;
602;ARIES;5;1;13;0004a30b010b4c6b;225;2;1;2;3;4;41.29927408693088, -4.934419016592708;
603;ARIES;5;1;13;0004a30b0105ad35;222;3;1;2;3;4;41.29924941833414, -4.934244131240098;
604;ARIES;5;1;14;0004a30b010ab5ac;223;1;1;2;3;4;41.2992716466314, -4.9347137607148515;
605;ARIES;5;1;14;0004a30b010ad0dc;518;2;1;2;3;4;41.29924817609907, -4.934929604449019;
606;ARIES;5;1;14;0004a30b010ad968;519;3;1;2;3;4;41.29923833621086, -4.935032238691062;
607;ARIES;5;1;15;0004a30b00ff38f6;227;1;1;2;3;4;41.29924451785816, -4.935306605262285;
608;ARIES;5;1;15;0004a30b010b5cde;517;2;1;2;3;4;41.29916761512142, -4.935404902954654;
609;ARIES;5;1;15;0004a30b010b10b5;521;3;1;2;3;4;41.29919012755389, -4.935708633272274;
610;ARIES;5;1;15;0004a30b010af2f5;520;4;1;2;3;4;41.299225447302696, -4.935575535481871;
611;ARIES;5;1;16;0004a30b010829f8;311;1;1;2;3;4;41.29958064587015, -4.939696821449216;
612;ARIES;5;1;16;0004a30b0105e2db;276;2;1;2;3;4;41.29956228757099, -4.939367015502548;
613;ARIES;5;1;16;0004a30b010d361c;313;3;1;2;3;4;41.29956369575576, -4.939900958986273;
614;ARIES;5;1;16;0004a30b010b516e;310;4;1;2;3;4;41.2995975593384, -4.939532037749557;
615;ARIES;5;1;17;0004a30b010db8b1;409;1;1;2;3;4;41.29960349186451, -4.938938270032092;
616;ARIES;5;1;17;0004a30b01078750;406;2;1;2;3;4;41.29960774677847, -4.939099604779703;
617;ARIES;5;1;17;0004a30b010df542;405;3;1;2;3;4;41.29964123903506, -4.938806364066749;
618;ARIES;5;1;17;0004a30b01078d39;407;4;1;2;3;4;41.299588666622654, -4.939268957350165;
619;ARIES;5;1;18;0004a30b010e2f21;408;1;1;2;3;4;41.29962507309121, -4.9385180678691585;
620;ARIES;5;1;18;0004a30b010ad941;161;2;1;2;3;4;41.299653390816076, -4.938347207596738;
621;ARIES;5;1;18;0004a30b010ab7fd;163;3;1;2;3;4;41.29965340418522, -4.938656318562884;
622;ARIES;5;1;19;0004a30b010d03e8;57;1;1;2;3;4;41.299094894340016, -4.939891817439917;
623;ARIES;5;1;19;0004a30b01083c6e;59;2;1;2;3;4;41.299285888671875, -4.939493905700922;
624;ARIES;5;1;19;0004a30b010d0416;58;3;1;2;3;4;41.29907131739155, -4.939723465262042;
625;ARIES;5;1;19;0004a30b010b4d3d;192;4;1;2;3;4;41.29907624090609, -4.93941177129142;
626;ARIES;5;2;1;0004a30b01081b5d;164;1;1;2;3;4;41.29991792445714, -4.937986269336261;
627;ARIES;5;2;1;0004a30b01078f21;160;2;1;2;3;4;41.29965069349718, -4.937893925348928;
628;ARIES;5;2;1;0004a30b00ffd729;162;3;1;2;3;4;41.29962309858905, -4.938187439106356;
629;ARIES;5;2;2;0004a30b010e1d3f;197;1;1;2;3;4;41.29902839328435, -4.938765118861998;
630;ARIES;5;2;2;0004a30b010e3153;193;2;1;2;3;4;41.299085900902895, -4.938969208928288;
631;ARIES;5;2;2;0004a30b010b5995;195;3;1;2;3;4;41.299085900902895, -4.938969208928288;
632;ARIES;5;2;2;0004a30b01001335;191;4;1;2;3;4;41.29906560014788, -4.939246570358946;
633;ARIES;5;2;3;0004a30b010ad2e0;107;1;1;2;3;4;41.299091658847786, -4.938465801902723;
634;ARIES;5;2;3;0004a30b010d9169;106;2;1;2;3;4;41.29901284491491, -4.938611478923151;
635;ARIES;5;2;3;0004a30b010abf04;108;3;1;2;3;4;41.29901123046875, -4.9383038749638715;
636;ARIES;5;2;3;0004a30b010af622;109;4;1;2;3;4;41.299061446460364, -4.938148771932367;
637;ARIES;5;2;4;0004a30b010dabdc;110;1;1;2;3;4;41.29901496613089, -4.937986918687444;
638;ARIES;5;2;4;0004a30b010ac239;129;2;1;2;3;4;41.29903457573263, -4.937674301229907;
639;ARIES;5;2;4;0004a30b00ff396a;126;3;1;2;3;4;41.29904049699462, -4.937513937469202;
640;ARIES;5;2;4;0004a30b010b2e4a;127;4;1;2;3;4;41.2990514274083, -4.937846570019335;
641;ARIES;5;2;5;0004a30b010afc14;130;1;1;2;3;4;41.29906295980299, -4.937263291925978;
642;ARIES;5;2;5;0004a30b010b2dce;128;2;1;2;3;4;41.29904214084432, -4.937384418930023;
643;ARIES;5;2;5;0004a30b0105ac44;138;3;1;2;3;4;41.29908851900954, -4.937077433843771;
644;ARIES;5;2;5;0004a30b00ff3482;139;4;1;2;3;4;41.29902335041874, -4.936991633065744;
645;ARIES;5;2;6;0004a30b00ff95fb;76;1;1;2;3;4;41.298544089256346, -4.939731751192642;
646;ARIES;5;2;6;0004a30b010d5587;69;2;1;2;3;4;41.29842551195088, -4.9399388621526645;
647;ARIES;5;2;6;0004a30b010daed9;77;3;1;2;3;4;41.298478682643555, -4.9396022734579;
648;ARIES;5;2;7;0004a30b0107a354;67;1;1;2;3;4;41.298529742576164, -4.9391221700265255;
649;ARIES;5;2;7;0004a30b010b4587;84;2;1;2;3;4;41.298444170115864, -4.939432528288896;
650;ARIES;5;2;7;0004a30b010ac3f0;51;3;1;2;3;4;41.29842832033119, -4.939279391166055;
651;ARIES;5;2;8;0004a30b010ad3d3;14;1;1;2;;;41.29845855694207, -4.93897121500186;
652;ARIES;5;2;8;0004a30b010d3dae;54;2;1;2;3;4;41.29845855694207, -4.93897121500186;
653;ARIES;5;2;8;0004a30b00ff93f5;844;3;1;2;3;4;41.298432873827274, -4.938604390213779;
654;ARIES;5;2;8;0004a30b010adaa3;83;4;1;2;3;4;41.29847084475878, -4.938751622160168;
655;ARIES;5;2;9;0004a30b010b3752;52;1;1;2;3;4;41.29841107595078, -4.938394172601979;
656;ARIES;5;2;9;0004a30b010b1a37;55;2;1;2;3;4;41.29843203839224, -4.938291171153009;
657;ARIES;5;2;9;0004a30b0100171b;82;3;1;2;3;4;41.2984932103841, -4.937976490452986;
658;ARIES;5;2;9;0004a30b00ff03e2;81;4;1;2;3;4;41.298529141072095, -4.9381384687227445;
659;ARIES;5;2;10;0004a30b010adf55;85;1;1;2;3;4;41.298473057014576, -4.937757799877481;
660;ARIES;5;2;10;0004a30b00ffa499;136;2;1;2;3;4;41.29844208031768, -4.937599424821045;
661;ARIES;5;2;10;0004a30b010ac32f;137;3;1;2;3;4;41.29847047470789, -4.937435913767391;
662;ARIES;5;2;10;0004a30b010b5edf;140;4;1;2;3;4;41.29844305163296, -4.937301931304792;
663;ARIES;5;2;11;0004a30b01053f1f;43;1;1;2;3;4;41.298528496162625, -4.93715026138571;
664;ARIES;5;2;11;0004a30b00ff3dcc;44;2;1;2;3;4;41.29843784744151, -4.936957853120625;
665;ARIES;5;2;11;0004a30b010b519a;46;3;1;2;3;4;41.29851556280202, -4.936662181301729;
666;ARIES;5;2;11;0004a30b0100634f;45;4;1;2;3;4;41.29850604871263, -4.936838065863557;
667;ARIES;5;2;12;0004a30b0105540f;47;1;1;2;3;4;41.29851423136973, -4.936224029485413;
668;ARIES;5;2;12;0004a30b010b2d92;66;2;1;2;3;4;41.29848705825787, -4.93652783518539;
669;ARIES;5;2;12;0004a30b010e10f8;68;3;1;2;3;4;41.29848996872065, -4.9363716613415685;
670;ARIES;5;2;12;0004a30b010b4da4;18;4;1;2;;;41.29851423136973, -4.936224029485413;
671;ARIES;5;2;13;0004a30b00ff1cb5;213;1;1;2;3;4;41.2977906072719, -4.9399096597655;
672;ARIES;5;2;13;0004a30b0107f8a5;214;2;1;2;3;4;41.2977827904863, -4.939707942740253;
673;ARIES;5;2;13;0004a30b010aa64b;710;3;1;2;3;4;41.2978128088295, -4.939350042897358;
674;ARIES;5;2;13;0004a30b010adf1b;701;4;1;2;3;4;41.29786083113883, -4.9395478672159765;
675;ARIES;5;2;14;0004a30b010ac358;708;1;1;2;3;4;41.29779959944586, -4.939026303277632;
676;ARIES;5;2;14;0004a30b00ffab12;212;2;1;2;3;4;41.29779829217717, -4.93922365312723;
677;ARIES;5;2;14;0004a30b010012a4;711;3;1;2;3;4;41.297774018776416, -4.938901194731827;
678;ARIES;5;2;14;0004a30b00ff1c0d;712;4;1;2;3;4;41.29781736640793, -4.938755217171777;
679;ARIES;5;2;15;0004a30b010abc14;697;1;1;2;3;4;41.2978383166611, -4.9382988370036065;
680;ARIES;5;2;15;0004a30b01053f41;692;2;1;2;3;4;41.2978532034126, -4.938132306510892;
681;ARIES;5;2;15;0004a30b010ab985;669;3;1;2;3;4;41.29784245140727, -4.93844357489012;
682;ARIES;5;2;15;0004a30b00ff5c75;672;4;1;2;3;4;41.29780856593729, -4.938610991331177;
683;ARIES;5;2;16;0004a30b01002f59;671;1;1;2;3;4;41.297825644163474, -4.937469135251343;
684;ARIES;5;2;16;0004a30b0107a0a9;668;2;1;2;3;4;41.297810716731284, -4.937905685127702;
685;ARIES;5;2;16;0004a30b010ab76a;670;3;1;2;3;4;41.2978320580585, -4.9377477267288326;
686;ARIES;5;2;16;0004a30b010aa792;690;4;1;2;3;4;41.2978532034126, -4.938132306510892;
687;ARIES;5;2;16;0004a30b010b2d4b;16;5;1;2;;;41.297878627621714, -4.937594216876739;
688;ARIES;5;2;17;0004a30b010aa32b;169;1;1;2;3;4;41.297290479467726, -4.939600658532911;
689;ARIES;5;2;17;0004a30b010d03d1;176;2;1;2;3;4;41.29719674678198, -4.939915304825391;
690;ARIES;5;2;17;0004a30b0107b551;173;3;1;2;3;4;41.29728207480476, -4.939619488079232;
691;ARIES;5;2;17;0004a30b010b4d4a;41;4;1;2;;;41.2972137404332, -4.939758759993113;
692;ARIES;5;2;18;0004a30b010e4cc7;175;1;1;2;3;4;41.297254718362545, -4.939382765040076;
693;ARIES;5;2;18;0004a30b010798d1;179;2;1;2;3;4;41.29718509038475, -4.939207781177466;
694;ARIES;5;2;18;0004a30b00ff0471;691;3;1;2;3;4;41.29725389931409, -4.939059398190084;
695;ARIES;5;2;18;0004a30b010ac251;693;4;1;2;3;4;41.29724115481384, -4.938893095880005;
696;ARIES;6;1;1;0004a30b010d1bf4;314;1;1;2;3;4;41.2995683, -4.9400232;
697;ARIES;6;1;1;0004a30b010adf12;162;2;1;2;3;4;41.2995167, -4.9402883;
698;ARIES;6;1;1;0004a30b010b29b9;140;3;1;2;3;4;41.29972, -4.9402067;
699;ARIES;6;1;2;0004a30b00ff1ff4;53;1;1;2;3;4;41.29954, -4.94095;
700;ARIES;6;1;2;0004a30b010af5ef;128;2;1;2;3;4;41.2995333, -4.9404583;
701;ARIES;6;1;2;0004a30b010ac132;13;3;1;2;;;41.2994529, -4.9406138;
702;ARIES;6;1;3;0004a30b0107cfc2;60;1;1;2;3;4;41.2990306, -4.9401116;
703;ARIES;6;1;3;0004a30b0108343d;56;2;1;2;3;4;41.2991814, -4.94008;
704;ARIES;6;1;3;0004a30b010af266;119;3;1;2;3;4;41.2991583, -4.94043;
705;ARIES;6;1;4;0004a30b010b0b2d;117;1;1;2;3;4;41.2990396, -4.9410445;
706;ARIES;6;1;4;0004a30b010ac20c;116;2;1;2;3;4;41.2989852, -4.9405653;
707;ARIES;6;1;4;0004a30b010aaa43;120;3;1;2;3;4;41.2990817, -4.9404727;
708;ARIES;6;1;4;0004a30b010d3b9f;15;4;1;2;;;41.299025, -4.9409533;
709;ARIES;6;1;5;0004a30b010ad8c6;634;1;1;2;3;4;41.298955, -4.94124;
710;ARIES;6;1;5;0004a30b010d2144;637;2;1;2;3;4;41.2989971, -4.9414757;
711;ARIES;6;1;5;0004a30b010ad961;635;3;1;2;3;4;41.2990585, -4.9415148;
712;ARIES;6;1;5;0004a30b010ac353;636;4;1;2;3;4;41.2990736, -4.941294;
713;ARIES;6;1;6;0004a30b010b4f90;633;1;1;2;3;4;41.2989863, -4.941843;
714;ARIES;6;1;6;0004a30b010b0c3f;641;2;1;2;3;4;41.2989367, -4.9422967;
715;ARIES;6;1;6;0004a30b010aaaf0;640;3;1;2;3;4;41.2990057, -4.9421362;
716;ARIES;6;1;6;0004a30b010aa313;639;4;1;2;3;4;41.2990409, -4.9419538;
717;ARIES;6;1;7;0004a30b010dac7d;79;1;1;2;3;4;41.2984033, -4.940395;
718;ARIES;6;1;7;0004a30b010d9879;78;2;1;2;3;4;41.2984665, -4.9403549;
719;ARIES;6;1;7;0004a30b010d9716;70;3;1;2;3;4;41.2982167, -4.9404217;
720;ARIES;6;1;8;0004a30b010b6219;673;1;1;2;3;4;41.2983311, -4.9410163;
721;ARIES;6;1;8;0004a30b01117696;34;2;1;2;3;4;41.2981683, -4.9409233;
722;ARIES;6;1;8;0004a30b010ada95;190;3;1;2;3;4;41.2983799, -4.9405922;
723;ARIES;6;1;8;0004a30b010b1060;8;4;1;2;;;41.2982933, -4.9407417;
724;ARIES;6;1;9;0004a30b010b5b16;91;1;1;2;3;4;41.29848, -4.9412583;
725;ARIES;6;1;9;0004a30b00ff01d4;88;2;1;2;3;4;41.2982967, -4.9411567;
726;ARIES;6;1;9;0004a30b0107f8cd;677;3;1;2;3;4;41.2982283, -4.9416533;
727;ARIES;6;1;9;0004a30b00ff93a8;676;4;1;2;3;4;41.2982573, -4.9416015;
728;ARIES;6;1;10;0004a30b0105cd00;168;1;1;2;3;4;41.2984178, -4.9420501;
729;ARIES;6;1;10;0004a30b010b2ae6;184;2;1;2;3;4;41.298355, -4.94237;
730;ARIES;6;1;10;0004a30b00ff5ab4;166;3;1;2;3;4;41.29812, -4.9418683;
731;ARIES;6;1;10;0004a30b010aa444;167;4;1;2;3;4;41.2983, -4.942075;
732;ARIES;6;1;11;0004a30b010afd11;131;1;1;2;3;4;41.2988933, -4.944685;
733;ARIES;6;1;11;0004a30b0107b806;135;2;1;2;3;4;41.2988833, -4.9446633;
734;ARIES;6;1;11;0004a30b010ab615;132;3;1;2;3;4;41.2988683, -4.9445805;
735;ARIES;6;1;11;0004a30b010af87c;133;4;1;2;3;4;41.297254718362545, -4.939382765040076;
736;ARIES;6;1;12;0004a30b010d21e5;653;1;1;2;3;4;41.2988167, -4.9441883;
737;ARIES;6;1;12;0004a30b010b2e10;652;2;1;2;3;4;41.2989177, -4.9444995;
738;ARIES;6;1;12;0004a30b010aaca2;656;3;1;2;3;4;41.2989383, -4.9438683;
739;ARIES;6;1;12;0004a30b010e1433;654;4;1;2;3;4;41.2989067, -4.944005;
740;ARIES;6;1;13;0004a30b010d5cb0;657;1;1;2;3;4;41.2988815, -4.9431986;
741;ARIES;6;1;13;0004a30b010b337c;642;2;1;2;3;4;41.298965, -4.943545;
742;ARIES;6;1;13;0004a30b010b1483;638;3;1;2;3;4;41.2989133, -4.9437817;
743;ARIES;6;1;13;0004a30b010829ab;659;4;1;2;3;4;41.2988932, -4.9430652;
744;ARIES;6;1;14;0004a30b010aa869;662;1;1;2;3;4;41.2989115, -4.9421693;
745;ARIES;6;1;14;0004a30b0107df19;660;2;1;2;3;4;41.2988908, -4.9428042;
746;ARIES;6;1;14;0004a30b010d0595;661;3;1;2;3;4;41.298995, -4.9424983;
747;ARIES;6;1;14;0004a30b0107b1aa;658;4;1;2;3;4;41.29859, -4.942575;
748;ARIES;6;1;15;0004a30b01004c22;700;1;1;2;3;4;41.2983413, -4.9438897;
749;ARIES;6;1;15;0004a30b01006567;699;2;1;2;3;4;41.2983983, -4.9441583;
750;ARIES;6;1;15;0004a30b010b521c;688;3;1;2;3;4;41.298375, -4.9442233;
751;ARIES;6;1;15;0004a30b010b5018;204;4;1;2;3;4;41.2983883, -4.944425;
752;ARIES;6;1;16;0004a30b00ffab11;694;1;1;2;3;4;41.2983239, -4.9434676;
753;ARIES;6;1;16;0004a30b00ff774c;689;2;1;2;3;4;41.2982137, -4.943508;
754;ARIES;6;1;16;0004a30b010aa78c;207;3;1;2;3;4;41.2984, -4.943805;
755;ARIES;6;1;16;0004a30b010b0ecf;37;4;1;2;;;41.2984828, -4.9435343;
756;ARIES;6;1;17;0004a30b01055564;86;1;1;2;3;4;41.2983349, -4.9429806;
757;ARIES;6;1;17;0004a30b010b4605;49;2;1;2;3;4;41.29855, -4.9431833;
758;ARIES;6;1;17;0004a30b00fef55d;48;3;1;2;3;4;41.2986539, -4.943417;
759;ARIES;6;1;18;0004a30b00ff3cb1;92;1;1;2;3;4;41.2985317, -4.9425617;
760;ARIES;6;1;18;0004a30b010d23a9;80;2;1;2;3;4;41.298738, -4.9425458;
761;ARIES;6;1;18;0004a30b0105cf2d;87;3;1;2;3;4;41.2983433, -4.9428881;
762;ARIES;6;1;19;0004a30b0111604f;75;1;1;2;3;4;41.2979733, -4.9436433;
763;ARIES;6;1;19;0004a30b010ad40a;206;2;1;2;3;4;41.2979086, -4.9436996;
764;ARIES;6;1;19;0004a30b010b5a2e;208;3;1;2;3;4;41.2978436, -4.9436699;
765;ARIES;6;1;19;0004a30b00ffa4a0;50;4;1;2;3;4;41.2978067, -4.944065;
766;ARIES;6;2;1;0004a30b010abf2b;6;1;1;2;;;41.2977883, -4.9429883;
767;ARIES;6;2;1;0004a30b00fff2db;2;2;1;2;3;4;41.2978544, -4.9430719;
768;ARIES;6;2;1;0004a30b010abdc4;1;3;1;2;3;4;41.2977429, -4.9433644;
769;ARIES;6;2;1;0004a30b010b16c2;686;4;1;2;3;4;41.2978483, -4.9431233;
770;ARIES;6;2;2;0004a30b010b10f0;683;1;1;2;3;4;41.297835, -4.9423717;
771;ARIES;6;2;2;0004a30b010b3885;684;2;1;2;3;4;41.2978225, -4.9424453;
772;ARIES;6;2;2;0004a30b010d9286;687;3;1;2;3;4;41.2977617, -4.9423783;
773;ARIES;6;2;3;0004a30b010af346;199;1;1;2;3;4;41.2977404, -4.9400908;
774;ARIES;6;2;3;0004a30b010ada19;205;2;1;2;3;4;41.297755, -4.9401917;
775;ARIES;6;2;3;0004a30b010049d8;202;3;1;2;3;4;41.2977684, -4.9404717;
776;ARIES;6;2;3;0004a30b00ff958a;203;4;1;2;3;4;41.2978133, -4.9402183;
777;ARIES;6;2;4;0004a30b010ac360;201;1;1;2;3;4;41.297735, -4.9411983;
778;ARIES;6;2;4;0004a30b01057556;211;2;1;2;3;4;41.2977133, -4.94082;
779;ARIES;6;2;4;0004a30b01078f0c;215;3;1;2;3;4;41.297825, -4.9406167;
780;ARIES;6;2;4;0004a30b0107dfc6;196;4;1;2;3;4;41.297725, -4.94076;
781;ARIES;6;2;4;0004a30b010ad1c4;32;5;1;2;;;41.2977417, -4.940945;
782;ARIES;6;2;5;0004a30b010b5047;194;1;1;2;3;4;41.297735, -4.9418817;
783;ARIES;6;2;5;0004a30b010b4a78;210;2;1;2;3;4;41.2977802, -4.9413309;
784;ARIES;6;2;5;0004a30b00ffa4b6;200;3;1;2;3;4;41.2980067, -4.9414917;
785;ARIES;6;2;5;0004a30b00ff3796;685;4;1;2;3;4;41.2980367, -4.9415;
786;ARIES;6;2;5;0004a30b010b5ab2;19;5;1;2;;;41.29768, -4.9418883;
787;ARIES;6;2;6;0004a30b010b0d0b;144;1;1;2;3;4;41.2970867, -4.9431533;
788;ARIES;6;2;6;0004a30b010ad16e;145;2;1;2;3;4;41.2972433, -4.9434267;
789;ARIES;6;2;6;0004a30b00ff035b;141;3;1;2;3;4;41.296983, -4.9431582;
790;ARIES;6;2;7;0004a30b010d05a6;455;1;1;2;3;4;41.2973073, -4.9427772;
791;ARIES;6;2;7;0004a30b0105e5f6;457;2;1;2;3;4;41.2971917, -4.942695;
792;ARIES;6;2;7;0004a30b010b2dd8;456;3;1;2;3;4;41.2971835, -4.9426875;
793;ARIES;6;2;8;0004a30b010b2c9d;459;1;1;2;3;4;41.2972483, -4.9420867;
794;ARIES;6;2;8;0004a30b010cf71e;458;2;1;2;3;4;41.29715, -4.9421333;
795;ARIES;6;2;8;0004a30b010b369d;228;3;1;2;3;4;41.29717, -4.94234;
796;ARIES;6;2;8;0004a30b010ab691;28;4;1;2;;;41.2969987, -4.9424774;
797;ARIES;6;2;9;0004a30b00ff940c;143;1;1;2;3;4;41.2964334, -4.9426634;
798;ARIES;6;2;9;0004a30b0105ae15;142;2;1;2;3;4;41.29634, -4.9429816;
799;ARIES;6;2;9;0004a30b00ff0120;185;3;1;2;3;4;41.296325, -4.9424233;
800;ARIES;6;2;9;0004a30b010555d4;186;4;1;2;3;4;41.2963483, -4.9424017;
801;ARIES;6;2;10;0004a30b010b2eb1;189;1;1;2;3;4;41.2963656, -4.9415266;
802;ARIES;6;2;10;0004a30b010b10ce;188;2;1;2;3;4;41.296395, -4.9419667;
803;ARIES;6;2;10;0004a30b010df3b0;187;3;1;2;3;4;41.2964583, -4.9422867;
804;ARIES;6;2;11;0004a30b010e1276;64;1;1;2;3;4;41.295815, -4.9416767;
805;ARIES;6;2;11;0004a30b010b0f1c;307;2;1;2;3;4;41.2957607, -4.9417906;
806;ARIES;6;2;11;0004a30b0107ee85;306;3;1;2;3;4;41.2957056, -4.9417813;
807;ARIES;6;2;11;0004a30b010d3dd2;305;4;1;2;3;4;41.2957367, -4.94224;
808;ARIES;6;2;12;0004a30b010d1a55;174;1;1;2;3;4;41.2973524, -4.9402605;
809;ARIES;6;2;12;0004a30b0107ed63;172;2;1;2;3;4;41.297268, -4.9404722;
810;ARIES;6;2;12;0004a30b00ffd5cd;153;3;1;2;3;4;41.2972976, -4.9401239;
811;ARIES;6;2;12;0004a30b010adda8;171;4;1;2;3;4;41.2973367, -4.9399733;
812;ARIES;6;2;13;0004a30b00ff7abc;170;1;1;2;3;4;41.2973171, -4.9407158;
813;ARIES;6;2;13;0004a30b010b1329;151;2;1;2;3;4;41.2973614, -4.9409488;
814;ARIES;6;2;13;0004a30b01078d03;178;3;1;2;3;4;41.2973611, -4.9405821;
815;ARIES;6;2;13;0004a30b010af347;152;4;1;2;3;4;41.2972442, -4.9410174;
816;ARIES;6;2;14;0004a30b010af65f;150;1;1;2;3;4;41.29722, -4.9419767;
817;ARIES;6;2;14;0004a30b010e1015;154;2;1;2;3;4;41.297501, -4.9411058;
818;ARIES;6;2;14;0004a30b00ff6f35;218;3;1;2;3;4;41.297206, -4.9414262;
819;ARIES;6;2;14;0004a30b010e3073;220;4;1;2;3;4;41.2972731, -4.9417284;
820;ARIES;6;2;14;0004a30b010b2a87;39;5;1;2;;;41.2972717, -4.94174;
821;ARIES;6;2;15;0004a30b010af24f;229;1;1;2;3;4;41.296575, -4.94052;
822;ARIES;6;2;15;0004a30b010b3774;231;2;1;2;3;4;41.2965133, -4.9409567;
823;ARIES;6;2;15;0004a30b0105e3e7;232;3;1;2;3;4;41.296576, -4.9407207;
824;ARIES;6;2;15;0004a30b010b16ae;230;4;1;2;3;4;41.2966312, -4.9405953;
825;ARIES;6;2;16;0004a30b010b336c;237;1;1;2;3;4;41.2964967, -4.9413633;
826;ARIES;6;2;16;0004a30b010ab877;233;2;1;2;3;4;41.2965283, -4.941145;
827;ARIES;6;2;16;0004a30b01080bcc;239;3;1;2;3;4;41.29672, -4.9409033;
828;ARIES;6;2;16;0004a30b0105fcfb;183;4;1;2;3;4;41.2966167, -4.9412317;
829;ARIES;6;2;17;0004a30b01080bd1;182;1;1;2;3;4;41.2963967, -4.94188;
830;ARIES;6;2;17;0004a30b0107dedb;181;2;1;2;3;4;41.2966021, -4.9420367;
831;ARIES;6;2;17;0004a30b0107a687;177;3;1;2;3;4;41.2964733, -4.941765;
832;ARIES;6;2;17;0004a30b010b4a1e;180;4;1;2;3;4;41.2965076, -4.9416097;
833;ARIES;6;2;18;0004a30b010b1610;236;1;1;2;3;4;41.2960917, -4.941525;
834;ARIES;6;2;18;0004a30b0107fdcb;238;2;1;2;3;4;41.2959633, -4.9417433;
835;ARIES;6;2;18;0004a30b00ff7068;240;3;1;2;3;4;41.2959441, -4.9417309;
836;ARIES;6;2;18;0004a30b010e116f;308;4;1;2;3;4;41.2960283, -4.9419917;
